computed_at,domain,series_id,series_label,latest_period,latest_value,latest_change,prior_change_mean,prior_change_std,z_score,is_anomaly,n_prior_changes
2026-09-07T13:06:59Z,macro,BWA:BN.CAB.XOKA.GD.ZS,BWA — Current account balance (% of GDP),2024,-4.25763140157322,-5.7455281855714,0.567408,6.284714,-1.004,False,13
2026-09-07T13:06:59Z,macro,BWA:BX.KLT.DINV.WD.GD.ZS,"BWA — FDI, net inflows (% of GDP)",2024,2.42279666305462,-1.39685457185328,0.160892,1.943087,-0.802,False,13
2026-09-07T13:06:59Z,macro,BWA:BX.TRF.PWKR.CD.DT,"BWA — Personal remittances, received (current US$)",2024,128298940.687971,58273737.078509,3669532.668118,11421759.344844,4.781,True,13
2026-09-07T13:06:59Z,macro,BWA:BX.TRF.PWKR.DT.GD.ZS,"BWA — Personal remittances, received (% of GDP)",2024,0.665235250950978,0.30453372670788403,0.014159,0.063521,4.571,True,13
2026-09-07T13:06:59Z,macro,BWA:NE.EXP.GNFS.ZS,BWA — Exports of goods and services (% of GDP),2025,32.0337480184486,4.957043861444497,-1.076259,7.50147,0.804,False,14
2026-09-07T13:06:59Z,macro,BWA:NE.IMP.GNFS.ZS,BWA — Imports of goods and services (% of GDP),2025,37.5109197674166,-4.8577269502977956,-0.723287,6.185349,-0.668,False,14
2026-09-07T13:06:59Z,macro,BWA:NE.RSB.GNFS.ZS,BWA — External balance on goods and services (% of GDP),2025,-5.47717174896797,9.814770811742331,-0.352972,9.159719,1.11,False,14
2026-09-07T13:06:59Z,macro,BWA:NV.IND.MANF.ZS,"BWA — Manufacturing, value added (% of GDP)",2025,5.69117040728163,0.11125338208483004,-0.208538,0.351888,0.909,False,14
2026-09-07T13:06:59Z,macro,BWA:NV.IND.TOTL.ZS,"BWA — Industry (incl. construction), value added (% of GDP)",2025,27.8837014330526,-1.1967627053109986,-0.585605,4.022531,-0.152,False,14
2026-09-07T13:06:59Z,macro,BWA:NY.GDP.PCAP.CD,BWA — GDP per capita (current US$),2025,7778.1151090571,128.29847161356065,102.434605,722.048936,0.036,False,14
2026-09-07T13:06:59Z,macro,BWA:NY.GDP.PCAP.KD.ZG,BWA — GDP per capita growth (annual %),2025,-2.32173162960181,2.03515033463669,-0.869859,9.133581,0.318,False,14
2026-09-07T13:06:59Z,macro,BWA:SL.UEM.TOTL.ZS,"BWA — Unemployment, total (% of total labor force)",2025,24.477,0.6670000000000016,0.425,0.55884,0.433,False,14
2026-09-07T13:06:59Z,macro,BWA:SP.POP.TOTL,"BWA — Population, total",2025,2562122.0,40983.0,34859.142857,3665.495556,1.671,False,14
2026-09-07T13:06:59Z,macro,BWA:TX.VAL.MANF.ZS.UN,BWA — Manufactured exports (% of merchandise exports),2023,86.266781640311,-5.902435732346305,1.200133,3.004762,-2.364,True,12
2026-09-07T13:06:59Z,macro,LSO:BN.CAB.XOKA.GD.ZS,LSO — Current account balance (% of GDP),2025,-0.153144614537761,-3.888033249452581,1.052638,4.83643,-1.022,False,14
2026-09-07T13:06:59Z,macro,LSO:BX.KLT.DINV.WD.GD.ZS,"LSO — FDI, net inflows (% of GDP)",2025,-0.22425996725048,0.30148752550969093,-0.067946,1.153064,0.32,False,14
2026-09-07T13:06:59Z,macro,LSO:BX.TRF.PWKR.CD.DT,"LSO — Personal remittances, received (current US$)",2025,533132534.90113,57313710.828843,-9593570.677672,67833340.380293,0.986,False,14
2026-09-07T13:06:59Z,macro,LSO:BX.TRF.PWKR.DT.GD.ZS,"LSO — Personal remittances, received (% of GDP)",2025,20.7156568499502,0.8175973542210997,-0.528841,2.799199,0.481,False,14
2026-09-07T13:06:59Z,macro,LSO:NE.EXP.GNFS.ZS,LSO — Exports of goods and services (% of GDP),2025,49.530822364134,0.12517769964250647,0.519956,3.858694,-0.102,False,14
2026-09-07T13:06:59Z,macro,LSO:NE.IMP.GNFS.ZS,LSO — Imports of goods and services (% of GDP),2025,104.450671184674,1.3819267460599889,-0.350531,5.941594,0.292,False,14
2026-09-07T13:06:59Z,macro,LSO:NE.RSB.GNFS.ZS,LSO — External balance on goods and services (% of GDP),2025,-54.9198488205395,-1.2567490464172977,0.870487,7.022433,-0.303,False,14
2026-09-07T13:06:59Z,macro,LSO:NV.IND.MANF.ZS,"LSO — Manufacturing, value added (% of GDP)",2024,12.0673877533326,-1.983874565171,0.074349,1.43151,-1.438,False,13
2026-09-07T13:06:59Z,macro,LSO:NV.IND.TOTL.ZS,"LSO — Industry (incl. construction), value added (% of GDP)",2025,25.157478604631,-2.942012516602702,-0.240276,2.003501,-1.349,False,14
2026-09-07T13:06:59Z,macro,LSO:NY.GDP.PCAP.CD,LSO — GDP per capita (current US$),2025,1088.96276223185,65.92048541662007,-6.888093,107.304412,0.679,False,14
2026-09-07T13:06:59Z,macro,LSO:NY.GDP.PCAP.KD.ZG,LSO — GDP per capita growth (annual %),2025,0.864833753647872,-3.1919498646884277,-0.028748,4.274499,-0.74,False,14
2026-09-07T13:06:59Z,macro,LSO:SL.UEM.TOTL.ZS,"LSO — Unemployment, total (% of total labor force)",2025,16.315,-0.02499999999999858,0.019429,0.638278,-0.07,False,14
2026-09-07T13:06:59Z,macro,LSO:SP.POP.TOTL,"LSO — Population, total",2025,2363325.0,25902.0,24369.428571,2615.271856,0.586,False,14
2026-09-07T13:06:59Z,macro,LSO:TX.VAL.MANF.ZS.UN,LSO — Manufactured exports (% of merchandise exports),2024,70.0568202207919,-9.169638073633394,0.132267,12.845341,-0.724,False,13
2026-09-07T13:06:59Z,macro,NAM:BN.CAB.XOKA.GD.ZS,NAM — Current account balance (% of GDP),2024,-13.4129533004201,1.6160213101298009,-0.854348,6.048122,0.408,False,13
2026-09-07T13:06:59Z,macro,NAM:BX.KLT.DINV.WD.GD.ZS,"NAM — FDI, net inflows (% of GDP)",2024,14.1844922069439,-4.1382504034856,1.215961,4.277843,-1.252,False,13
2026-09-07T13:06:59Z,macro,NAM:BX.TRF.PWKR.CD.DT,"NAM — Personal remittances, received (current US$)",2024,96495977.6043623,12630032.436012492,1127588.149083,15610236.484057,0.737,False,13
2026-09-07T13:06:59Z,macro,NAM:BX.TRF.PWKR.DT.GD.ZS,"NAM — Personal remittances, received (% of GDP)",2024,0.707386765887929,0.03763865099936503,0.004949,0.135016,0.242,False,13
2026-09-07T13:06:59Z,macro,NAM:NE.EXP.GNFS.ZS,NAM — Exports of goods and services (% of GDP),2025,44.6767598538623,3.6115685396774992,-0.515483,3.497148,1.18,False,14
2026-09-07T13:06:59Z,macro,NAM:NE.IMP.GNFS.ZS,NAM — Imports of goods and services (% of GDP),2025,63.9037413199657,-3.032258832039709,0.510391,5.343905,-0.663,False,14
2026-09-07T13:06:59Z,macro,NAM:NE.RSB.GNFS.ZS,NAM — External balance on goods and services (% of GDP),2025,-19.2269814661034,6.643827371717201,-1.025874,5.090191,1.507,False,14
2026-09-07T13:06:59Z,macro,NAM:NV.IND.MANF.ZS,"NAM — Manufacturing, value added (% of GDP)",2025,10.016326829864,-0.2732113296200005,-0.143561,0.953391,-0.136,False,14
2026-09-07T13:06:59Z,macro,NAM:NV.IND.TOTL.ZS,"NAM — Industry (incl. construction), value added (% of GDP)",2025,28.9496601666891,-0.582929884684102,0.150252,1.820944,-0.403,False,14
2026-09-07T13:06:59Z,macro,NAM:NY.GDP.PCAP.CD,NAM — GDP per capita (current US$),2025,4875.92558158247,374.0770861002202,-65.454846,481.847276,0.912,False,14
2026-09-07T13:06:59Z,macro,NAM:NY.GDP.PCAP.KD.ZG,NAM — GDP per capita growth (annual %),2025,-0.331679377239283,-1.814290366518553,-0.209097,4.06066,-0.395,False,14
2026-09-07T13:06:59Z,macro,NAM:SL.UEM.TOTL.ZS,"NAM — Unemployment, total (% of total labor force)",2025,19.291,0.13400000000000034,-0.211643,1.752432,0.197,False,14
2026-09-07T13:06:59Z,macro,NAM:SP.POP.TOTL,"NAM — Population, total",2025,3092816.0,62685.0,65737.142857,12420.936592,-0.246,False,14
2026-09-07T13:06:59Z,macro,NAM:TX.VAL.MANF.ZS.UN,NAM — Manufactured exports (% of merchandise exports),2024,18.3720657548859,-7.940776934605601,-1.345283,5.928847,-1.112,False,13
2026-09-07T13:06:59Z,macro,SWZ:BN.CAB.XOKA.GD.ZS,SWZ — Current account balance (% of GDP),2024,1.6121572847945,-0.523603085063,0.849268,5.033798,-0.273,False,13
2026-09-07T13:06:59Z,macro,SWZ:BX.KLT.DINV.WD.GD.ZS,"SWZ — FDI, net inflows (% of GDP)",2024,1.55448906259813,0.945716348182095,-0.192477,1.531442,0.743,False,13
2026-09-07T13:06:59Z,macro,SWZ:BX.TRF.PWKR.CD.DT,"SWZ — Personal remittances, received (current US$)",2024,33346090.7113569,-46598974.407200105,1942672.405622,23110245.604651,-2.1,True,13
2026-09-07T13:06:59Z,macro,SWZ:BX.TRF.PWKR.DT.GD.ZS,"SWZ — Personal remittances, received (% of GDP)",2024,0.68629088651435,-1.04367570843434,0.036601,0.431718,-2.502,True,13
2026-09-07T13:06:59Z,macro,SWZ:NE.EXP.GNFS.ZS,SWZ — Exports of goods and services (% of GDP),2024,53.7558918717287,5.254869537934297,0.669395,2.393616,1.916,False,10
2026-09-07T13:06:59Z,macro,SWZ:NE.IMP.GNFS.ZS,SWZ — Imports of goods and services (% of GDP),2024,53.7247291821506,2.5011404343833945,0.782721,2.65264,0.648,False,10
2026-09-07T13:06:59Z,macro,SWZ:NE.RSB.GNFS.ZS,SWZ — External balance on goods and services (% of GDP),2024,0.0311626895781123,2.7537291035508824,-0.113327,3.123139,0.918,False,10
2026-09-07T13:06:59Z,macro,SWZ:NV.IND.MANF.ZS,"SWZ — Manufacturing, value added (% of GDP)",2025,28.0612861211559,-1.0603135229032006,-0.236674,1.401729,-0.588,False,14
2026-09-07T13:06:59Z,macro,SWZ:NV.IND.TOTL.ZS,"SWZ — Industry (incl. construction), value added (% of GDP)",2025,33.5797459803013,-1.156820257787004,-0.284087,1.461771,-0.597,False,14
2026-09-07T13:06:59Z,macro,SWZ:NY.GDP.PCAP.CD,SWZ — GDP per capita (current US$),2025,4108.25221093363,198.69328715180973,-0.941534,312.473094,0.639,False,14
2026-09-07T13:06:59Z,macro,SWZ:NY.GDP.PCAP.KD.ZG,SWZ — GDP per capita growth (annual %),2025,3.08642991125257,1.07581834297175,-0.086216,4.205145,0.276,False,14
2026-09-07T13:06:59Z,macro,SWZ:SL.UEM.TOTL.ZS,"SWZ — Unemployment, total (% of total labor force)",2025,34.202,-0.4410000000000025,0.556214,1.788062,-0.558,False,14
2026-09-07T13:06:59Z,macro,SWZ:SP.POP.TOTL,"SWZ — Population, total",2025,1256174.0,13352.0,9369.428571,2987.068867,1.333,False,14
2026-09-07T13:06:59Z,macro,SWZ:TX.VAL.MANF.ZS.UN,SWZ — Manufactured exports (% of merchandise exports),2023,59.8243153083819,-3.5536492090155036,-0.172302,5.320174,-0.636,False,12
2026-09-07T13:06:59Z,macro,ZAF:BN.CAB.XOKA.GD.ZS,ZAF — Current account balance (% of GDP),2025,-0.422766754018983,0.22003304305606697,0.046873,2.035869,0.085,False,14
2026-09-07T13:06:59Z,macro,ZAF:BX.KLT.DINV.WD.GD.ZS,"ZAF — FDI, net inflows (% of GDP)",2025,-0.505823116244258,-1.086714825917324,-0.021715,3.241955,-0.329,False,14
2026-09-07T13:06:59Z,macro,ZAF:BX.TRF.PWKR.CD.DT,"ZAF — Personal remittances, received (current US$)",2025,1004741847.38267,149367176.26132202,-15299764.963594,82112614.914647,2.005,True,14
2026-09-07T13:06:59Z,macro,ZAF:BX.TRF.PWKR.DT.GD.ZS,"ZAF — Personal remittances, received (% of GDP)",2025,0.235201009549448,0.02196772119002499,-0.003074,0.006545,3.826,True,14
2026-09-07T13:06:59Z,macro,ZAF:NE.EXP.GNFS.ZS,ZAF — Exports of goods and services (% of GDP),2025,31.4101947337253,-0.3817123309049997,0.429178,1.438417,-0.564,False,14
2026-09-07T13:06:59Z,macro,ZAF:NE.IMP.GNFS.ZS,ZAF — Imports of goods and services (% of GDP),2025,29.5009024056375,-0.3539610027571989,0.373728,2.50205,-0.291,False,14
2026-09-07T13:06:59Z,macro,ZAF:NE.RSB.GNFS.ZS,ZAF — External balance on goods and services (% of GDP),2025,1.90929232808787,-0.027751328147719967,0.05545,1.911036,-0.044,False,14
2026-09-07T13:06:59Z,macro,ZAF:NV.IND.MANF.ZS,"ZAF — Manufacturing, value added (% of GDP)",2025,12.2545108718651,-0.5427900942789989,-0.075877,0.404813,-1.153,False,14
2026-09-07T13:06:59Z,macro,ZAF:NV.IND.TOTL.ZS,"ZAF — Industry (incl. construction), value added (% of GDP)",2025,24.09000977459,-0.2205211142916994,-0.070924,0.517821,-0.289,False,14
2026-09-07T13:06:59Z,macro,ZAF:NY.GDP.PCAP.CD,ZAF — GDP per capita (current US$),2025,6597.71450918774,330.52769509474,-121.87751,687.30217,0.658,False,14
2026-09-07T13:06:59Z,macro,ZAF:NY.GDP.PCAP.KD.ZG,ZAF — GDP per capita growth (annual %),2025,-0.0412236373188222,0.6723144421049199,-0.181542,3.638588,0.235,False,14
2026-09-07T13:06:59Z,macro,ZAF:SL.UEM.TOTL.ZS,"ZAF — Unemployment, total (% of total labor force)",2025,32.391,0.11199999999999477,0.542571,1.41892,-0.303,False,14
2026-09-07T13:06:59Z,macro,ZAF:SP.POP.TOTL,"ZAF — Population, total",2025,64747319.0,740132.0,833081.142857,197446.690078,-0.471,False,14
2026-09-07T13:06:59Z,macro,ZAF:TX.VAL.MANF.ZS.UN,ZAF — Manufactured exports (% of merchandise exports),2025,38.3029062870432,-0.8456912224854989,-0.68198,3.126322,-0.052,False,14
2026-09-07T13:06:59Z,trade,Botswana:1:Export,Botswana — Animals; live (Export),2023,45727525.564,-52304664.394,24457685.1885,14887104.188032,-5.156,True,4
2026-09-07T13:06:59Z,trade,Botswana:2:Export,Botswana — Meat and edible meat offal (Export),2023,23733917.267,12416529.170000002,-21516655.02775,20226295.381084,1.678,False,4
2026-09-07T13:06:59Z,trade,Botswana:4:Import,"Botswana — Dairy produce; birds' eggs; natural honey; edible products of animal origin, not elsewhere specified or included (Import)",2023,51588747.097,-1582285.5839999989,-506872.60575,7959883.513662,-0.135,False,4
2026-09-07T13:06:59Z,trade,Botswana:10:Import,Botswana — Cereals (Import),2023,155438424.979,-45323211.426,24493489.39175,27816086.447714,-2.51,True,4
2026-09-07T13:06:59Z,trade,Botswana:15:Import,"Botswana — Animal, vegetable or microbial fats and oils and their cleavage products; prepared edible fats; animal or vegetable waxes (Import)",2023,52183120.938,-14526002.578999996,7044722.513,7086399.466018,-3.044,True,4
2026-09-07T13:06:59Z,trade,Botswana:17:Import,Botswana — Sugars and sugar confectionery (Import),2023,80666438.568,-85471339.084,24735723.576,40882882.118201,-2.696,True,4
2026-09-07T13:06:59Z,trade,Botswana:19:Import,"Botswana — Preparations of cereals, flour, starch or milk; pastrycooks' products (Import)",2023,75397542.152,546657.0089999884,5170022.01575,2827488.078402,-1.635,False,4
2026-09-07T13:06:59Z,trade,Botswana:20:Import,"Botswana — Preparations of vegetables, fruit, nuts or other parts of plants (Import)",2023,77267719.989,5362717.606999993,799257.59075,4292336.163557,1.063,False,4
2026-09-07T13:06:59Z,trade,Botswana:21:Import,Botswana — Miscellaneous edible preparations (Import),2023,68460717.43,-3942562.527999997,3560450.3895,5579207.893419,-1.345,False,4
2026-09-07T13:06:59Z,trade,Botswana:22:Import,"Botswana — Beverages, spirits and vinegar (Import)",2023,279430828.757,114427032.39300004,10242390.43775,34692353.533584,3.003,True,4
2026-09-07T13:06:59Z,trade,Botswana:23:Import,"Botswana — Food industries, residues and wastes thereof; prepared animal fodder (Import)",2023,51258295.472,2610066.9760000035,1513473.08725,5062581.857743,0.217,False,4
2026-09-07T13:06:59Z,trade,Botswana:25:Import,"Botswana — Salt; sulphur; earths, stone; plastering materials, lime and cement (Import)",2023,59693993.619,-1840241.985999994,743233.039,13772380.348698,-0.188,False,4
2026-09-07T13:06:59Z,trade,Botswana:26:Export,"Botswana — Ores, slag and ash (Export)",2023,507903421.548,183715442.12199998,79289199.8555,97488982.225201,1.071,False,4
2026-09-07T13:06:59Z,trade,Botswana:27:Import,"Botswana — Mineral fuels, mineral oils and products of their distillation; bituminous substances; mineral waxes (Import)",2023,1318710332.98,-179052605.34599996,161671445.264,230874803.565682,-1.476,False,4
2026-09-07T13:06:59Z,trade,Botswana:28:Export,"Botswana — Inorganic chemicals; organic and inorganic compounds of precious metals; of rare earth metals, of radio-active elements and of isotopes (Export)",2023,56491049.804,-22630.234999999404,2273629.54175,10429113.090232,-0.22,False,4
2026-09-07T13:06:59Z,trade,Botswana:30:Import,Botswana — Pharmaceutical products (Import),2023,138301412.336,12603581.784999996,2695772.204,51425544.356309,0.193,False,4
2026-09-07T13:06:59Z,trade,Botswana:33:Import,"Botswana — Essential oils and resinoids; perfumery, cosmetic or toilet preparations (Import)",2023,79358259.766,4656261.724000007,1194552.82325,8168127.851528,0.424,False,4
2026-09-07T13:06:59Z,trade,Botswana:34:Import,"Botswana — Soap, organic surface-active agents; washing, lubricating, polishing or scouring preparations; artificial or prepared waxes, candles and similar articles, modelling pastes, dental waxes and dental preparations with a basis of plaster (Import)",2023,82959809.474,3501143.675000012,3408487.5195,7137025.239385,0.013,False,4
2026-09-07T13:06:59Z,trade,Botswana:38:Import,Botswana — Chemical products n.e.c. (Import),2023,69278876.666,-3138219.1350000054,6220751.04675,23479550.318844,-0.399,False,4
2026-09-07T13:06:59Z,trade,Botswana:39:Import,Botswana — Plastics and articles thereof (Import),2023,154165583.016,-21914056.537999988,13299978.44125,26302529.10661,-1.339,False,4
2026-09-07T13:06:59Z,trade,Botswana:40:Import,Botswana — Rubber and articles thereof (Import),2023,77149795.788,-11789482.596,5514313.98025,14445538.618559,-1.198,False,4
2026-09-07T13:06:59Z,trade,Botswana:44:Import,Botswana — Wood and articles of wood; wood charcoal (Import),2023,66319453.665,-7963562.537999995,281390.951,22074581.445223,-0.374,False,4
2026-09-07T13:06:59Z,trade,Botswana:48:Import,"Botswana — Paper and paperboard; articles of paper pulp, of paper or paperboard (Import)",2023,69866021.142,-1893645.4710000008,1484148.5145,6954423.928766,-0.486,False,4
2026-09-07T13:06:59Z,trade,Botswana:61:Import,Botswana — Apparel and clothing accessories; knitted or crocheted (Import),2023,38587861.132,-2472955.2690000013,-1623602.5505,10971628.358887,-0.077,False,4
2026-09-07T13:06:59Z,trade,Botswana:64:Import,Botswana — Footwear; gaiters and the like; parts of such articles (Import),2023,40379775.917,-5360227.867999993,724686.4395,8893922.436495,-0.684,False,4
2026-09-07T13:06:59Z,trade,Botswana:68:Import,"Botswana — Stone, plaster, cement, asbestos, mica or similar materials; articles thereof (Import)",2023,29481257.661,-1665127.5410000011,2715018.5475,19870719.257894,-0.22,False,4
2026-09-07T13:06:59Z,trade,Botswana:71:Export,"Botswana — Natural, cultured pearls; precious, semi-precious stones; precious metals, metals clad with precious metal, and articles thereof; imitation jewellery; coin (Export)",2023,4357365454.981,-3015201350.6759996,322315747.4505,1874312090.28269,-1.781,False,4
2026-09-07T13:06:59Z,trade,Botswana:71:Import,"Botswana — Natural, cultured pearls; precious, semi-precious stones; precious metals, metals clad with precious metal, and articles thereof; imitation jewellery; coin (Import)",2023,954634654.68,-1294782378.0940003,102484507.69675,676064666.60546,-2.067,True,4
2026-09-07T13:06:59Z,trade,Botswana:72:Import,Botswana — Iron and steel (Import),2023,114871758.116,20943634.339,6014019.68475,34795215.87949,0.429,False,4
2026-09-07T13:06:59Z,trade,Botswana:73:Import,Botswana — Iron or steel articles (Import),2023,130101951.427,-34082015.51799999,10091264.3125,39495760.642374,-1.118,False,4
2026-09-07T13:06:59Z,trade,Botswana:84:Export,"Botswana — Machinery and mechanical appliances, boilers, nuclear reactors; parts thereof (Export)",2023,40610619.804,-4798037.765000001,-1353178.024,5680787.004315,-0.606,False,4
2026-09-07T13:06:59Z,trade,Botswana:84:Import,"Botswana — Machinery and mechanical appliances, boilers, nuclear reactors; parts thereof (Import)",2023,541318254.648,-47733191.91100001,24549927.206,98813229.667628,-0.732,False,4
2026-09-07T13:06:59Z,trade,Botswana:85:Export,"Botswana — Electrical machinery and equipment and parts thereof; sound recorders and reproducers; television image and sound recorders and reproducers, parts and accessories of such articles (Export)",2023,181427017.419,12369845.308999985,6302842.81925,34768631.167199,0.174,False,4
2026-09-07T13:06:59Z,trade,Botswana:85:Import,"Botswana — Electrical machinery and equipment and parts thereof; sound recorders and reproducers; television image and sound recorders and reproducers, parts and accessories of such articles (Import)",2023,343985267.07,-35445529.31700003,6531521.88875,30945364.883151,-1.356,False,4
2026-09-07T13:06:59Z,trade,Botswana:87:Export,"Botswana — Vehicles; other than railway or tramway rolling stock, and parts and accessories thereof (Export)",2023,27429847.586,-6570545.507000003,-1776701.7595,8684344.803646,-0.552,False,4
2026-09-07T13:06:59Z,trade,Botswana:87:Import,"Botswana — Vehicles; other than railway or tramway rolling stock, and parts and accessories thereof (Import)",2023,455561160.601,-1889425.9629999995,729426.154,110246779.206262,-0.024,False,4
2026-09-07T13:06:59Z,trade,Botswana:90:Import,"Botswana — Optical, photographic, cinematographic, measuring, checking, medical or surgical instruments and apparatus; parts and accessories (Import)",2023,77958570.089,-8122306.398000002,311559.94825,10249704.530161,-0.823,False,4
2026-09-07T13:06:59Z,trade,Botswana:94:Import,"Botswana — Furniture; bedding, mattresses, mattress supports, cushions and similar stuffed furnishings; lamps and lighting fittings, n.e.c.; illuminated signs, illuminated name-plates and the like; prefabricated buildings (Import)",2023,63004123.099,-7016709.026000001,-1727907.75125,8871722.530422,-0.596,False,4
2026-09-07T13:06:59Z,trade,Eswatini:4:Import,"Eswatini — Dairy produce; birds' eggs; natural honey; edible products of animal origin, not elsewhere specified or included (Import)",2023,29435843.77,-990772.9699999988,633544.87325,2024391.744714,-0.802,False,4
2026-09-07T13:06:59Z,trade,Eswatini:7:Import,Eswatini — Vegetables and certain roots and tubers; edible (Import),2023,15569971.31,-1557273.9399999995,122411.0575,5250827.721805,-0.32,False,4
2026-09-07T13:06:59Z,trade,Eswatini:8:Export,"Eswatini — Fruit and nuts, edible; peel of citrus fruit or melons (Export)",2023,13862464.02,-122138.79000000097,-612964.86675,1852900.122022,0.265,False,4
2026-09-07T13:06:59Z,trade,Eswatini:9:Import,"Eswatini — Coffee, tea, mate and spices (Import)",2023,11535695.18,-222495.76999999955,-91456.574,1754911.290152,-0.075,False,4
2026-09-07T13:06:59Z,trade,Eswatini:10:Import,Eswatini — Cereals (Import),2023,86955887.53,-2286795.530000001,727477.34025,16043678.240697,-0.188,False,4
2026-09-07T13:06:59Z,trade,Eswatini:13:Import,"Eswatini — Lac; gums, resins and other vegetable saps and extracts (Import)",2023,11828855.11,906621.6499999985,273948.3385,1373709.181404,0.461,False,4
2026-09-07T13:06:59Z,trade,Eswatini:15:Import,"Eswatini — Animal, vegetable or microbial fats and oils and their cleavage products; prepared edible fats; animal or vegetable waxes (Import)",2023,20354446.6,-2032006.8299999982,2672258.6435,5421288.547607,-0.868,False,4
2026-09-07T13:06:59Z,trade,Eswatini:17:Export,Eswatini — Sugars and sugar confectionery (Export),2023,477254411.31,81573554.18,4673383.21325,74994205.422535,1.025,False,4
2026-09-07T13:06:59Z,trade,Eswatini:17:Import,Eswatini — Sugars and sugar confectionery (Import),2023,18359636.16,-2694255.879999999,1540293.16175,4284833.628026,-0.988,False,4
2026-09-07T13:06:59Z,trade,Eswatini:19:Export,"Eswatini — Preparations of cereals, flour, starch or milk; pastrycooks' products (Export)",2023,36205415.16,13518166.359999996,5219138.30125,15086094.742733,0.55,False,4
2026-09-07T13:06:59Z,trade,Eswatini:19:Import,"Eswatini — Preparations of cereals, flour, starch or milk; pastrycooks' products (Import)",2023,31514777.03,1292102.950000003,1594147.45525,3730325.676153,-0.081,False,4
2026-09-07T13:06:59Z,trade,Eswatini:20:Export,"Eswatini — Preparations of vegetables, fruit, nuts or other parts of plants (Export)",2023,39658478.74,1386469.25,677897.60175,2441728.766129,0.29,False,4
2026-09-07T13:06:59Z,trade,Eswatini:20:Import,"Eswatini — Preparations of vegetables, fruit, nuts or other parts of plants (Import)",2023,20909104.13,1748436.75,-167971.5925,2157239.304304,0.888,False,4
2026-09-07T13:06:59Z,trade,Eswatini:21:Import,Eswatini — Miscellaneous edible preparations (Import),2023,23471927.43,-5536582.57,2657685.174,6077660.401258,-1.348,False,4
2026-09-07T13:06:59Z,trade,Eswatini:22:Export,"Eswatini — Beverages, spirits and vinegar (Export)",2023,60710758.82,9802514.910000004,4933571.07375,5846432.688913,0.833,False,4
2026-09-07T13:06:59Z,trade,Eswatini:22:Import,"Eswatini — Beverages, spirits and vinegar (Import)",2023,64476488.1,-52427.939999997616,5175842.4265,11589439.277812,-0.451,False,4
2026-09-07T13:06:59Z,trade,Eswatini:23:Export,"Eswatini — Food industries, residues and wastes thereof; prepared animal fodder (Export)",2023,20558068.82,-4889889.759999998,1970350.6455,3058831.722163,-2.243,True,4
2026-09-07T13:06:59Z,trade,Eswatini:23:Import,"Eswatini — Food industries, residues and wastes thereof; prepared animal fodder (Import)",2023,28538259.6,3661600.490000002,375685.12525,2170485.973566,1.514,False,4
2026-09-07T13:06:59Z,trade,Eswatini:25:Import,"Eswatini — Salt; sulphur; earths, stone; plastering materials, lime and cement (Import)",2023,32992486.11,1876143.7800000012,-531426.788,2840492.282258,0.848,False,4
2026-09-07T13:06:59Z,trade,Eswatini:27:Export,"Eswatini — Mineral fuels, mineral oils and products of their distillation; bituminous substances; mineral waxes (Export)",2023,75398604.11,19698949.0,9320098.127,14881959.829648,0.697,False,4
2026-09-07T13:06:59Z,trade,Eswatini:27:Import,"Eswatini — Mineral fuels, mineral oils and products of their distillation; bituminous substances; mineral waxes (Import)",2023,381738573.76,22230947.449999988,21468376.547,75631428.392327,0.01,False,4
2026-09-07T13:06:59Z,trade,Eswatini:28:Import,"Eswatini — Inorganic chemicals; organic and inorganic compounds of precious metals; of rare earth metals, of radio-active elements and of isotopes (Import)",2023,18238973.15,616289.4199999981,1438362.475,2662780.335455,-0.309,False,4
2026-09-07T13:06:59Z,trade,Eswatini:29:Export,Eswatini — Organic chemicals (Export),2023,14339342.75,-4840984.48,1028734.1055,22533567.706311,-0.26,False,4
2026-09-07T13:06:59Z,trade,Eswatini:29:Import,Eswatini — Organic chemicals (Import),2023,54787567.88,-2549835.9899999946,7014048.2735,7947446.269106,-1.203,False,4
2026-09-07T13:06:59Z,trade,Eswatini:30:Import,Eswatini — Pharmaceutical products (Import),2023,40456717.24,-4480004.689999998,-501055.24075,11547525.820306,-0.345,False,4
2026-09-07T13:06:59Z,trade,Eswatini:31:Import,Eswatini — Fertilizers (Import),2023,30404549.61,-12636165.600000001,5168221.82275,5927088.030237,-3.004,True,4
2026-09-07T13:06:59Z,trade,Eswatini:32:Import,"Eswatini — Tanning or dyeing extracts; tannins and their derivatives; dyes, pigments and other colouring matter; paints, varnishes; putty, other mastics; inks (Import)",2023,13618801.21,-2860948.329999998,800443.65175,2272979.325412,-1.611,False,4
2026-09-07T13:06:59Z,trade,Eswatini:33:Export,"Eswatini — Essential oils and resinoids; perfumery, cosmetic or toilet preparations (Export)",2023,586387296.06,-2703478.7400000095,-8718306.01075,84404149.158468,0.071,False,4
2026-09-07T13:06:59Z,trade,Eswatini:33:Import,"Eswatini — Essential oils and resinoids; perfumery, cosmetic or toilet preparations (Import)",2023,52798263.94,-10673423.800000004,1740243.69875,7189227.761478,-1.727,False,4
2026-09-07T13:06:59Z,trade,Eswatini:34:Import,"Eswatini — Soap, organic surface-active agents; washing, lubricating, polishing or scouring preparations; artificial or prepared waxes, candles and similar articles, modelling pastes, dental waxes and dental preparations with a basis of plaster (Import)",2023,24504508.85,171128.20000000298,-292457.58775,2884274.005566,0.161,False,4
2026-09-07T13:06:59Z,trade,Eswatini:38:Export,Eswatini — Chemical products n.e.c. (Export),2023,282220186.29,18106204.150000036,8344487.006,39013380.708688,0.25,False,4
2026-09-07T13:06:59Z,trade,Eswatini:38:Import,Eswatini — Chemical products n.e.c. (Import),2023,32801749.54,-4929217.140000001,2683110.98275,4979826.728628,-1.529,False,4
2026-09-07T13:06:59Z,trade,Eswatini:39:Import,Eswatini — Plastics and articles thereof (Import),2023,78785212.12,-11387869.75,3815358.98225,17518968.934181,-0.868,False,4
2026-09-07T13:06:59Z,trade,Eswatini:40:Import,Eswatini — Rubber and articles thereof (Import),2023,18459108.54,-1544288.539999999,108283.69225,1456346.407262,-1.135,False,4
2026-09-07T13:06:59Z,trade,Eswatini:44:Export,Eswatini — Wood and articles of wood; wood charcoal (Export),2023,135525519.77,-2595916.379999995,8581056.9475,26683937.748532,-0.419,False,4
2026-09-07T13:06:59Z,trade,Eswatini:44:Import,Eswatini — Wood and articles of wood; wood charcoal (Import),2023,30266075.82,-4362006.469999999,3258932.04875,7297508.212551,-1.044,False,4
2026-09-07T13:06:59Z,trade,Eswatini:48:Import,"Eswatini — Paper and paperboard; articles of paper pulp, of paper or paperboard (Import)",2023,42784652.15,3530988.990000002,79293.69325,8317979.845144,0.415,False,4
2026-09-07T13:06:59Z,trade,Eswatini:52:Import,Eswatini — Cotton (Import),2023,61089105.19,-22711536.549999997,3354308.22075,15499069.076909,-1.682,False,4
2026-09-07T13:06:59Z,trade,Eswatini:54:Import,Eswatini — Man-made filaments; strip and the like of man-made textile materials (Import),2023,18008168.89,-1820650.6600000001,1941427.65275,3663600.355741,-1.027,False,4
2026-09-07T13:06:59Z,trade,Eswatini:55:Import,Eswatini — Man-made staple fibres (Import),2023,16848336.61,-173886.7400000021,-289510.0255,2929069.682719,0.039,False,4
2026-09-07T13:06:59Z,trade,Eswatini:60:Export,Eswatini — Fabrics; knitted or crocheted (Export),2023,8221903.79,-9715246.95,675326.339,2630116.997704,-3.951,True,4
2026-09-07T13:06:59Z,trade,Eswatini:60:Import,Eswatini — Fabrics; knitted or crocheted (Import),2023,13919864.62,-6948909.360000001,2645054.50175,5013357.203303,-1.914,False,4
2026-09-07T13:06:59Z,trade,Eswatini:61:Export,Eswatini — Apparel and clothing accessories; knitted or crocheted (Export),2023,49319389.08,-13030228.010000005,4659859.928,14196047.008022,-1.246,False,4
2026-09-07T13:06:59Z,trade,Eswatini:61:Import,Eswatini — Apparel and clothing accessories; knitted or crocheted (Import),2023,22236343.82,-217747.16000000015,175596.0715,3130636.745208,-0.126,False,4
2026-09-07T13:06:59Z,trade,Eswatini:62:Export,Eswatini — Apparel and clothing accessories; not knitted or crocheted (Export),2023,145514051.44,-7582113.900000006,737440.826,30019267.397117,-0.277,False,4
2026-09-07T13:06:59Z,trade,Eswatini:62:Import,Eswatini — Apparel and clothing accessories; not knitted or crocheted (Import),2023,22715096.35,1790434.8100000024,563881.08575,2698123.839808,0.455,False,4
2026-09-07T13:06:59Z,trade,Eswatini:63:Export,"Eswatini — Textiles, made up articles; sets; worn clothing and worn textile articles; rags (Export)",2023,18236145.25,-2445432.84,335361.1485,2387457.804322,-1.165,False,4
2026-09-07T13:06:59Z,trade,Eswatini:64:Import,Eswatini — Footwear; gaiters and the like; parts of such articles (Import),2023,17901405.73,385606.51000000164,-311494.4065,2507599.623958,0.278,False,4
2026-09-07T13:06:59Z,trade,Eswatini:72:Import,Eswatini — Iron and steel (Import),2023,30639626.92,-5666116.280000001,1399483.245,8701948.613059,-0.812,False,4
2026-09-07T13:06:59Z,trade,Eswatini:73:Import,Eswatini — Iron or steel articles (Import),2023,51984262.62,-5007818.170000002,46289.034,9872118.57588,-0.512,False,4
2026-09-07T13:06:59Z,trade,Eswatini:84:Export,"Eswatini — Machinery and mechanical appliances, boilers, nuclear reactors; parts thereof (Export)",2023,23206137.26,-4620774.049999997,293491.296,1436781.249145,-3.42,True,4
2026-09-07T13:06:59Z,trade,Eswatini:84:Import,"Eswatini — Machinery and mechanical appliances, boilers, nuclear reactors; parts thereof (Import)",2023,121759195.13,-14450390.340000004,961677.82625,24046783.048312,-0.641,False,4
2026-09-07T13:06:59Z,trade,Eswatini:85:Import,"Eswatini — Electrical machinery and equipment and parts thereof; sound recorders and reproducers; television image and sound recorders and reproducers, parts and accessories of such articles (Import)",2023,88147306.94,3281543.7899999917,-1508143.05575,16535802.699676,0.29,False,4
2026-09-07T13:06:59Z,trade,Eswatini:87:Import,"Eswatini — Vehicles; other than railway or tramway rolling stock, and parts and accessories thereof (Import)",2023,119672332.16,10015484.22999999,-1966929.03275,24419491.909825,0.491,False,4
2026-09-07T13:06:59Z,trade,Eswatini:90:Import,"Eswatini — Optical, photographic, cinematographic, measuring, checking, medical or surgical instruments and apparatus; parts and accessories (Import)",2023,18299460.75,-6353077.3500000015,1548784.24325,41166542.136016,-0.192,False,4
2026-09-07T13:06:59Z,trade,Eswatini:94:Import,"Eswatini — Furniture; bedding, mattresses, mattress supports, cushions and similar stuffed furnishings; lamps and lighting fittings, n.e.c.; illuminated signs, illuminated name-plates and the like; prefabricated buildings (Import)",2023,27195607.4,2894945.4899999984,-2293859.33325,3820602.819111,1.358,False,4
2026-09-07T13:06:59Z,trade,Eswatini:96:Export,Eswatini — Miscellaneous manufactured articles (Export),2023,9724983.99,-1778907.4000000004,-41350.675,2030683.17551,-0.856,False,4
2026-09-07T13:06:59Z,trade,Eswatini:96:Import,Eswatini — Miscellaneous manufactured articles (Import),2023,13214903.18,-2062565.5600000005,-246095.011,3595968.891603,-0.505,False,4
2026-09-07T13:06:59Z,trade,Eswatini:99:Import,Eswatini — Commodities not specified according to kind (Import),2023,20357426.12,3359447.2600000016,-3971439.836,10087605.621909,0.727,False,4
2026-09-07T13:06:59Z,trade,Lesotho:2:Import,Lesotho — Meat and edible meat offal (Import),2024,47885174.754,9805733.792000003,498749.5408,8149098.994672,1.142,False,5
2026-09-07T13:06:59Z,trade,Lesotho:3:Export,"Lesotho — Fish and crustaceans, molluscs and other aquatic invertebrates (Export)",2024,8622592.277,-264568.1459999997,1097248.2372,1464465.452789,-0.93,False,5
2026-09-07T13:06:59Z,trade,Lesotho:4:Import,"Lesotho — Dairy produce; birds' eggs; natural honey; edible products of animal origin, not elsewhere specified or included (Import)",2024,21207276.825,744891.1860000007,461945.7312,2660317.512601,0.106,False,5
2026-09-07T13:06:59Z,trade,Lesotho:7:Import,Lesotho — Vegetables and certain roots and tubers; edible (Import),2024,18046606.355,3659737.3780000005,22768.424,1208597.563054,3.009,True,5
2026-09-07T13:06:59Z,trade,Lesotho:9:Import,"Lesotho — Coffee, tea, mate and spices (Import)",2024,11187096.244,1931738.5070000011,-9882.059,790198.547651,2.457,True,5
2026-09-07T13:06:59Z,trade,Lesotho:10:Import,Lesotho — Cereals (Import),2024,65304534.397,11907677.765,5969087.9158,23274451.183295,0.255,False,5
2026-09-07T13:06:59Z,trade,Lesotho:11:Export,"Lesotho — Products of the milling industry; malt, starches, inulin, wheat gluten (Export)",2024,20100179.173,2983957.7490000017,2078769.6342,5243943.731608,0.173,False,5
2026-09-07T13:06:59Z,trade,Lesotho:11:Import,"Lesotho — Products of the milling industry; malt, starches, inulin, wheat gluten (Import)",2024,59780673.835,-6342417.614,7300656.3706,4980291.577935,-2.739,True,5
2026-09-07T13:06:59Z,trade,Lesotho:12:Import,"Lesotho — Oil seeds and oleaginous fruits; miscellaneous grains, seeds and fruit, industrial or medicinal plants; straw and fodder (Import)",2024,16080702.854,2112060.007000001,744966.9664,3719517.810964,0.368,False,5
2026-09-07T13:06:59Z,trade,Lesotho:15:Import,"Lesotho — Animal, vegetable or microbial fats and oils and their cleavage products; prepared edible fats; animal or vegetable waxes (Import)",2024,15522833.827,2069334.9239999987,243121.4682,5739518.562745,0.318,False,5
2026-09-07T13:06:59Z,trade,Lesotho:16:Import,"Lesotho — Meat, fish, crustaceans, molluscs or other aquatic invertebrates, or insects; preparations thereof (Import)",2024,18069599.882,633531.6420000009,-31513.3984,2680131.033845,0.248,False,5
2026-09-07T13:06:59Z,trade,Lesotho:17:Import,Lesotho — Sugars and sugar confectionery (Import),2024,18391501.707,410844.05999999866,1622114.1798,4040512.570465,-0.3,False,5
2026-09-07T13:06:59Z,trade,Lesotho:19:Import,"Lesotho — Preparations of cereals, flour, starch or milk; pastrycooks' products (Import)",2024,26105727.841,2306234.7399999984,864829.689,2163501.066055,0.666,False,5
2026-09-07T13:06:59Z,trade,Lesotho:20:Import,"Lesotho — Preparations of vegetables, fruit, nuts or other parts of plants (Import)",2024,16531560.474,1558029.4169999994,-161906.5054,2825730.190742,0.609,False,5
2026-09-07T13:06:59Z,trade,Lesotho:21:Import,Lesotho — Miscellaneous edible preparations (Import),2024,16625667.115,167254.90000000037,521838.2286,2670393.158657,-0.133,False,5
2026-09-07T13:06:59Z,trade,Lesotho:22:Export,"Lesotho — Beverages, spirits and vinegar (Export)",2024,187987112.55,112865354.06300001,872807.8728,13622970.172813,8.221,True,5
2026-09-07T13:06:59Z,trade,Lesotho:22:Import,"Lesotho — Beverages, spirits and vinegar (Import)",2024,51889793.191,12601734.662,1050102.0666,12608032.416796,0.916,False,5
2026-09-07T13:06:59Z,trade,Lesotho:24:Import,"Lesotho — Tobacco and manufactured tobacco substitutes; products, whether or not containing nicotine, intended for inhalation without combustion; other nicotine containing products intended for the intake of nicotine into the human body (Import)",2024,7024203.201,-2368027.926,-2648747.962,7982970.947606,0.035,False,5
2026-09-07T13:06:59Z,trade,Lesotho:25:Import,"Lesotho — Salt; sulphur; earths, stone; plastering materials, lime and cement (Import)",2024,28877285.479,4256851.509,2490891.7936,5508435.146009,0.321,False,5
2026-09-07T13:06:59Z,trade,Lesotho:27:Import,"Lesotho — Mineral fuels, mineral oils and products of their distillation; bituminous substances; mineral waxes (Import)",2024,288932670.427,-2580493.352999985,14824287.9742,66720848.615408,-0.261,False,5
2026-09-07T13:06:59Z,trade,Lesotho:30:Import,Lesotho — Pharmaceutical products (Import),2024,33602698.571,4997438.619000003,-1458687.664,10187561.251023,0.634,False,5
2026-09-07T13:06:59Z,trade,Lesotho:32:Import,"Lesotho — Tanning or dyeing extracts; tannins and their derivatives; dyes, pigments and other colouring matter; paints, varnishes; putty, other mastics; inks (Import)",2024,11203479.688,1830548.5119999982,138458.6046,1394255.455995,1.214,False,5
2026-09-07T13:06:59Z,trade,Lesotho:33:Import,"Lesotho — Essential oils and resinoids; perfumery, cosmetic or toilet preparations (Import)",2024,17848743.682,1642506.2699999996,-28429.3926,2121373.650583,0.788,False,5
2026-09-07T13:06:59Z,trade,Lesotho:34:Import,"Lesotho — Soap, organic surface-active agents; washing, lubricating, polishing or scouring preparations; artificial or prepared waxes, candles and similar articles, modelling pastes, dental waxes and dental preparations with a basis of plaster (Import)",2024,27827733.516,3932435.3099999987,-697460.2582,3557327.955165,1.302,False,5
2026-09-07T13:06:59Z,trade,Lesotho:38:Import,Lesotho — Chemical products n.e.c. (Import),2024,19217198.849,1452276.324000001,1989458.6664,2568734.510424,-0.209,False,5
2026-09-07T13:06:59Z,trade,Lesotho:39:Import,Lesotho — Plastics and articles thereof (Import),2024,48642333.082,6500110.346000001,1204819.1734,6824771.56594,0.776,False,5
2026-09-07T13:06:59Z,trade,Lesotho:40:Import,Lesotho — Rubber and articles thereof (Import),2024,13351863.218,16529.210000000894,117342.1146,2841731.370035,-0.035,False,5
2026-09-07T13:06:59Z,trade,Lesotho:44:Import,Lesotho — Wood and articles of wood; wood charcoal (Import),2024,24390777.921,3442264.6389999986,-341847.5086,6040961.13609,0.626,False,5
2026-09-07T13:06:59Z,trade,Lesotho:48:Import,"Lesotho — Paper and paperboard; articles of paper pulp, of paper or paperboard (Import)",2024,25649316.239,3070634.921,-971245.869,5080463.024959,0.796,False,5
2026-09-07T13:06:59Z,trade,Lesotho:49:Import,"Lesotho — Printed books, newspapers, pictures and other products of the printing industry; manuscripts, typescripts and plans (Import)",2024,10262928.207,-133575.54499999993,-64188.5716,9258253.608488,-0.007,False,5
2026-09-07T13:06:59Z,trade,Lesotho:51:Export,"Lesotho — Wool, fine or coarse animal hair; horsehair yarn and woven fabric (Export)",2024,45951863.889,-2144478.5500000045,6306779.8152,6910960.766509,-1.223,False,5
2026-09-07T13:06:59Z,trade,Lesotho:52:Export,Lesotho — Cotton (Export),2024,28428511.646,1338305.0350000001,-268496.54,9687564.740585,0.166,False,5
2026-09-07T13:06:59Z,trade,Lesotho:52:Import,Lesotho — Cotton (Import),2024,43609773.179,-9890987.473000005,-6964514.3492,55555621.966952,-0.053,False,5
2026-09-07T13:06:59Z,trade,Lesotho:54:Import,Lesotho — Man-made filaments; strip and the like of man-made textile materials (Import),2024,25228884.785,-5625967.842,-3812798.334,19765396.588086,-0.092,False,5
2026-09-07T13:06:59Z,trade,Lesotho:55:Import,Lesotho — Man-made staple fibres (Import),2024,12482599.64,-2495222.1610000003,1573209.5928,3479389.105931,-1.169,False,5
2026-09-07T13:06:59Z,trade,Lesotho:60:Import,Lesotho — Fabrics; knitted or crocheted (Import),2024,89688595.852,25791466.305,-8090665.8864,29251063.232132,1.158,False,5
2026-09-07T13:06:59Z,trade,Lesotho:61:Export,Lesotho — Apparel and clothing accessories; knitted or crocheted (Export),2024,171375993.579,-9961601.147000015,-20327161.8954,69269611.193239,0.15,False,5
2026-09-07T13:06:59Z,trade,Lesotho:61:Import,Lesotho — Apparel and clothing accessories; knitted or crocheted (Import),2024,17954745.555,1231166.5710000005,-1434543.5642,5003369.555639,0.533,False,5
2026-09-07T13:06:59Z,trade,Lesotho:62:Export,Lesotho — Apparel and clothing accessories; not knitted or crocheted (Export),2024,132158401.729,3090101.105000004,-13346143.0094,21156936.87596,0.777,False,5
2026-09-07T13:06:59Z,trade,Lesotho:62:Import,Lesotho — Apparel and clothing accessories; not knitted or crocheted (Import),2024,28911558.432,1029172.2910000011,-833694.586,16113434.595374,0.116,False,5
2026-09-07T13:06:59Z,trade,Lesotho:63:Export,"Lesotho — Textiles, made up articles; sets; worn clothing and worn textile articles; rags (Export)",2024,36863540.838,3756145.954,1718107.1772,8723823.673112,0.234,False,5
2026-09-07T13:06:59Z,trade,Lesotho:63:Import,"Lesotho — Textiles, made up articles; sets; worn clothing and worn textile articles; rags (Import)",2024,15630909.397,6688517.886,-349395.667,1490541.397689,4.722,True,5
2026-09-07T13:06:59Z,trade,Lesotho:64:Export,Lesotho — Footwear; gaiters and the like; parts of such articles (Export),2024,8165041.549,-1438144.6130000008,-95770.3804,1926127.568914,-0.697,False,5
2026-09-07T13:06:59Z,trade,Lesotho:64:Import,Lesotho — Footwear; gaiters and the like; parts of such articles (Import),2024,18926311.413,756455.191999998,-930011.2696,4491459.402796,0.375,False,5
2026-09-07T13:06:59Z,trade,Lesotho:71:Export,"Lesotho — Natural, cultured pearls; precious, semi-precious stones; precious metals, metals clad with precious metal, and articles thereof; imitation jewellery; coin (Export)",2024,236472230.816,40688267.73300001,11568519.3378,68730802.978516,0.424,False,5
2026-09-07T13:06:59Z,trade,Lesotho:72:Import,Lesotho — Iron and steel (Import),2024,28839074.01,6937103.069000002,538410.5914,6776125.112525,0.944,False,5
2026-09-07T13:06:59Z,trade,Lesotho:73:Import,Lesotho — Iron or steel articles (Import),2024,60678195.21,18704538.595,815803.1746,13772822.485171,1.299,False,5
2026-09-07T13:06:59Z,trade,Lesotho:84:Export,"Lesotho — Machinery and mechanical appliances, boilers, nuclear reactors; parts thereof (Export)",2024,31473641.901,11452264.665,693998.5938,10051550.327643,1.07,False,5
2026-09-07T13:06:59Z,trade,Lesotho:84:Import,"Lesotho — Machinery and mechanical appliances, boilers, nuclear reactors; parts thereof (Import)",2024,155342772.211,7938141.743000001,6608149.4078,36199042.531431,0.037,False,5
2026-09-07T13:06:59Z,trade,Lesotho:85:Export,"Lesotho — Electrical machinery and equipment and parts thereof; sound recorders and reproducers; television image and sound recorders and reproducers, parts and accessories of such articles (Export)",2024,43760107.879,4709501.046999998,-3177123.3962,11863897.028427,0.665,False,5
2026-09-07T13:06:59Z,trade,Lesotho:85:Import,"Lesotho — Electrical machinery and equipment and parts thereof; sound recorders and reproducers; television image and sound recorders and reproducers, parts and accessories of such articles (Import)",2024,120532753.776,19255475.662999988,-2376256.2448,20142346.812769,1.074,False,5
2026-09-07T13:06:59Z,trade,Lesotho:87:Export,"Lesotho — Vehicles; other than railway or tramway rolling stock, and parts and accessories thereof (Export)",2024,13418589.316,6335734.401,8093.7544,4731690.042968,1.337,False,5
2026-09-07T13:06:59Z,trade,Lesotho:87:Import,"Lesotho — Vehicles; other than railway or tramway rolling stock, and parts and accessories thereof (Import)",2024,110521251.559,-5177514.851999998,-1770632.6848,29814859.55709,-0.114,False,5
2026-09-07T13:06:59Z,trade,Lesotho:90:Import,"Lesotho — Optical, photographic, cinematographic, measuring, checking, medical or surgical instruments and apparatus; parts and accessories (Import)",2024,25377142.401,8363234.068,827770.4294,25499116.523543,0.296,False,5
2026-09-07T13:06:59Z,trade,Lesotho:94:Import,"Lesotho — Furniture; bedding, mattresses, mattress supports, cushions and similar stuffed furnishings; lamps and lighting fittings, n.e.c.; illuminated signs, illuminated name-plates and the like; prefabricated buildings (Import)",2024,24113952.673,-5096295.357000001,1749599.9752,8456274.704827,-0.81,False,5
2026-09-07T13:06:59Z,trade,Lesotho:96:Import,Lesotho — Miscellaneous manufactured articles (Import),2024,16619920.515,2694149.465,-140289.8214,2655541.444677,1.067,False,5
2026-09-07T13:06:59Z,trade,Namibia:1:Export,Namibia — Animals; live (Export),2024,115833634.935,11112592.100000009,-21080044.9696,47457760.043025,0.678,False,5
2026-09-07T13:06:59Z,trade,Namibia:2:Export,Namibia — Meat and edible meat offal (Export),2024,99004231.398,14736779.226999998,2113136.2882,25964701.67314,0.486,False,5
2026-09-07T13:06:59Z,trade,Namibia:2:Import,Namibia — Meat and edible meat offal (Import),2024,41412540.892,-3123871.106000006,-1214072.1776,11605661.077438,-0.165,False,5
2026-09-07T13:06:59Z,trade,Namibia:3:Export,"Namibia — Fish and crustaceans, molluscs and other aquatic invertebrates (Export)",2024,786459305.471,-5621188.767000079,12198970.5366,102278131.692304,-0.174,False,5
2026-09-07T13:06:59Z,trade,Namibia:3:Import,"Namibia — Fish and crustaceans, molluscs and other aquatic invertebrates (Import)",2024,30539410.16,-3633521.5950000025,-3398997.0136,20643835.268674,-0.011,False,5
2026-09-07T13:06:59Z,trade,Namibia:4:Import,"Namibia — Dairy produce; birds' eggs; natural honey; edible products of animal origin, not elsewhere specified or included (Import)",2024,52386371.433,4242091.777999997,-415639.0634,5557192.139214,0.838,False,5
2026-09-07T13:06:59Z,trade,Namibia:8:Export,"Namibia — Fruit and nuts, edible; peel of citrus fruit or melons (Export)",2024,98696599.757,17337838.692,4841926.8384,21514681.047688,0.581,False,5
2026-09-07T13:06:59Z,trade,Namibia:10:Import,Namibia — Cereals (Import),2024,175516056.45,41913696.60399999,11936212.8774,12389170.968608,2.42,True,5
2026-09-07T13:06:59Z,trade,Namibia:15:Import,"Namibia — Animal, vegetable or microbial fats and oils and their cleavage products; prepared edible fats; animal or vegetable waxes (Import)",2024,60452247.382,10483261.615999997,2010145.6126,11820117.883775,0.717,False,5
2026-09-07T13:06:59Z,trade,Namibia:17:Import,Namibia — Sugars and sugar confectionery (Import),2024,129299091.915,22325235.518000007,5518904.8172,5846624.458526,2.875,True,5
2026-09-07T13:06:59Z,trade,Namibia:19:Import,"Namibia — Preparations of cereals, flour, starch or milk; pastrycooks' products (Import)",2024,65937812.049,9766925.830000006,1728371.608,8169639.731936,0.984,False,5
2026-09-07T13:06:59Z,trade,Namibia:20:Import,"Namibia — Preparations of vegetables, fruit, nuts or other parts of plants (Import)",2024,61949139.045,7456120.321000002,-1533217.8344,7421009.985512,1.211,False,5
2026-09-07T13:06:59Z,trade,Namibia:21:Import,Namibia — Miscellaneous edible preparations (Import),2024,81640455.995,20757990.013000004,247525.6236,4058744.040025,5.053,True,5
2026-09-07T13:06:59Z,trade,Namibia:22:Export,"Namibia — Beverages, spirits and vinegar (Export)",2024,77202806.451,24193641.168000005,-7748913.906,25863840.734966,1.235,False,5
2026-09-07T13:06:59Z,trade,Namibia:22:Import,"Namibia — Beverages, spirits and vinegar (Import)",2024,190803552.709,35194788.51699999,290369.8448,54480951.882451,0.641,False,5
2026-09-07T13:06:59Z,trade,Namibia:23:Import,"Namibia — Food industries, residues and wastes thereof; prepared animal fodder (Import)",2024,76386239.195,9577437.181999996,3653077.9438,22870071.705334,0.259,False,5
2026-09-07T13:06:59Z,trade,Namibia:24:Import,"Namibia — Tobacco and manufactured tobacco substitutes; products, whether or not containing nicotine, intended for inhalation without combustion; other nicotine containing products intended for the intake of nicotine into the human body (Import)",2024,35660337.381,3541935.333999999,-5839844.1166,4892869.965281,1.917,False,5
2026-09-07T13:06:59Z,trade,Namibia:25:Export,"Namibia — Salt; sulphur; earths, stone; plastering materials, lime and cement (Export)",2024,168853176.279,38698873.92900002,13228323.0836,24319757.496377,1.047,False,5
2026-09-07T13:06:59Z,trade,Namibia:25:Import,"Namibia — Salt; sulphur; earths, stone; plastering materials, lime and cement (Import)",2024,69034625.729,15022423.098000005,5369939.9288,43582572.855422,0.221,False,5
2026-09-07T13:06:59Z,trade,Namibia:26:Export,"Namibia — Ores, slag and ash (Export)",2024,1467464022.85,549041886.8029999,18600351.5674,223623885.800855,2.372,True,5
2026-09-07T13:06:59Z,trade,Namibia:26:Import,"Namibia — Ores, slag and ash (Import)",2024,795839718.529,451773200.79200006,-4323354.8462,136456669.782965,3.342,True,5
2026-09-07T13:06:59Z,trade,Namibia:27:Export,"Namibia — Mineral fuels, mineral oils and products of their distillation; bituminous substances; mineral waxes (Export)",2024,333452211.545,19425629.25300002,54184937.8578,132250878.292699,-0.263,False,5
2026-09-07T13:06:59Z,trade,Namibia:27:Import,"Namibia — Mineral fuels, mineral oils and products of their distillation; bituminous substances; mineral waxes (Import)",2024,1413377349.352,-121230713.69199991,135004208.4962,334791858.899561,-0.765,False,5
2026-09-07T13:06:59Z,trade,Namibia:28:Export,"Namibia — Inorganic chemicals; organic and inorganic compounds of precious metals; of rare earth metals, of radio-active elements and of isotopes (Export)",2024,165788149.203,148145986.67900002,-1046464.6372,69755167.504283,2.139,True,5
2026-09-07T13:06:59Z,trade,Namibia:28:Import,"Namibia — Inorganic chemicals; organic and inorganic compounds of precious metals; of rare earth metals, of radio-active elements and of isotopes (Import)",2024,242496054.919,114199106.336,326719.1562,71594038.969523,1.591,False,5
2026-09-07T13:06:59Z,trade,Namibia:30:Import,Namibia — Pharmaceutical products (Import),2024,164287706.814,26334727.634000003,-3886008.407,35166237.105582,0.859,False,5
2026-09-07T13:06:59Z,trade,Namibia:31:Import,Namibia — Fertilizers (Import),2024,193980158.172,103850405.563,8289791.9024,23668943.419759,4.037,True,5
2026-09-07T13:06:59Z,trade,Namibia:33:Import,"Namibia — Essential oils and resinoids; perfumery, cosmetic or toilet preparations (Import)",2024,111061233.956,17769645.180999994,-2455595.7414,11388880.859099,1.776,False,5
2026-09-07T13:06:59Z,trade,Namibia:34:Import,"Namibia — Soap, organic surface-active agents; washing, lubricating, polishing or scouring preparations; artificial or prepared waxes, candles and similar articles, modelling pastes, dental waxes and dental preparations with a basis of plaster (Import)",2024,91596210.908,9801605.090000004,3441911.6486,8722287.007119,0.729,False,5
2026-09-07T13:06:59Z,trade,Namibia:38:Export,Namibia — Chemical products n.e.c. (Export),2024,49697881.112,-18440176.913000003,7076468.5016,17604461.425375,-1.449,False,5
2026-09-07T13:06:59Z,trade,Namibia:38:Import,Namibia — Chemical products n.e.c. (Import),2024,128441631.28,-2288238.178000003,7402037.3448,36301081.56781,-0.267,False,5
2026-09-07T13:06:59Z,trade,Namibia:39:Export,Namibia — Plastics and articles thereof (Export),2024,36417427.105,13916464.669999998,-4959119.171,12811111.798259,1.473,False,5
2026-09-07T13:06:59Z,trade,Namibia:39:Import,Namibia — Plastics and articles thereof (Import),2024,232495682.648,55584782.805999994,-4090649.144,37376338.029251,1.597,False,5
2026-09-07T13:06:59Z,trade,Namibia:40:Export,Namibia — Rubber and articles thereof (Export),2024,52795555.588,3430054.799999997,5304300.2472,5429305.445434,-0.345,False,5
2026-09-07T13:06:59Z,trade,Namibia:40:Import,Namibia — Rubber and articles thereof (Import),2024,173176125.965,27799074.78,8471852.6746,20001717.263812,0.966,False,5
2026-09-07T13:06:59Z,trade,Namibia:44:Export,Namibia — Wood and articles of wood; wood charcoal (Export),2024,83841597.494,3981073.5340000093,8330074.6722,4564229.319968,-0.953,False,5
2026-09-07T13:06:59Z,trade,Namibia:44:Import,Namibia — Wood and articles of wood; wood charcoal (Import),2024,56284001.866,10435575.274999999,-1636705.0768,9256039.436927,1.304,False,5
2026-09-07T13:06:59Z,trade,Namibia:48:Import,"Namibia — Paper and paperboard; articles of paper pulp, of paper or paperboard (Import)",2024,112787426.45,7029703.79900001,-512534.0212,20088429.935871,0.375,False,5
2026-09-07T13:06:59Z,trade,Namibia:61:Import,Namibia — Apparel and clothing accessories; knitted or crocheted (Import),2024,81490048.96,8486013.864999995,-3037495.3054,16931558.763063,0.681,False,5
2026-09-07T13:06:59Z,trade,Namibia:62:Import,Namibia — Apparel and clothing accessories; not knitted or crocheted (Import),2024,71025780.816,13413316.166000001,-166173.212,9575823.331573,1.418,False,5
2026-09-07T13:06:59Z,trade,Namibia:63:Import,"Namibia — Textiles, made up articles; sets; worn clothing and worn textile articles; rags (Import)",2024,46292013.849,7863604.589999996,682874.3922,5674350.312288,1.265,False,5
2026-09-07T13:06:59Z,trade,Namibia:64:Import,Namibia — Footwear; gaiters and the like; parts of such articles (Import),2024,53600080.801,5990528.129000001,-475945.8976,9545287.356705,0.677,False,5
2026-09-07T13:06:59Z,trade,Namibia:71:Export,"Namibia — Natural, cultured pearls; precious, semi-precious stones; precious metals, metals clad with precious metal, and articles thereof; imitation jewellery; coin (Export)",2024,1845865004.842,-88303212.6789999,-4884251.2716,343607238.359834,-0.243,False,5
2026-09-07T13:06:59Z,trade,Namibia:71:Import,"Namibia — Natural, cultured pearls; precious, semi-precious stones; precious metals, metals clad with precious metal, and articles thereof; imitation jewellery; coin (Import)",2024,183045167.924,69017658.794,-43398452.02,258002296.693372,0.436,False,5
2026-09-07T13:06:59Z,trade,Namibia:72:Export,Namibia — Iron and steel (Export),2024,56548353.746,-16032999.132999994,9254841.2688,15869655.9066,-1.593,False,5
2026-09-07T13:06:59Z,trade,Namibia:72:Import,Namibia — Iron and steel (Import),2024,118544387.808,-2112254.8359999955,4809142.4932,18082883.412787,-0.383,False,5
2026-09-07T13:06:59Z,trade,Namibia:73:Export,Namibia — Iron or steel articles (Export),2024,50055469.215,29950625.115000002,-6278016.7964,14179306.377922,2.555,True,5
2026-09-07T13:06:59Z,trade,Namibia:73:Import,Namibia — Iron or steel articles (Import),2024,286051334.615,82583925.59800002,-4706321.966,43276045.022374,2.017,True,5
2026-09-07T13:06:59Z,trade,Namibia:74:Export,Namibia — Copper and articles thereof (Export),2024,378811564.733,123442021.31399998,-260456101.745,521095416.355448,0.737,False,5
2026-09-07T13:06:59Z,trade,Namibia:74:Import,Namibia — Copper and articles thereof (Import),2024,11752345.064,1750161.2589999996,-227193211.7282,510617009.329231,0.448,False,5
2026-09-07T13:06:59Z,trade,Namibia:79:Export,Namibia — Zinc and articles thereof (Export),2024,147643.632,-44099.41499999998,-40175822.652,53944571.495445,0.744,False,5
2026-09-07T13:06:59Z,trade,Namibia:84:Export,"Namibia — Machinery and mechanical appliances, boilers, nuclear reactors; parts thereof (Export)",2024,190950723.241,87251338.59099999,2457805.4482,34989671.920794,2.423,True,5
2026-09-07T13:06:59Z,trade,Namibia:84:Import,"Namibia — Machinery and mechanical appliances, boilers, nuclear reactors; parts thereof (Import)",2024,980186715.793,211450072.801,33150708.1254,119392801.118905,1.493,False,5
2026-09-07T13:06:59Z,trade,Namibia:85:Export,"Namibia — Electrical machinery and equipment and parts thereof; sound recorders and reproducers; television image and sound recorders and reproducers, parts and accessories of such articles (Export)",2024,88002579.372,18558232.36999999,6400741.8726,19365106.838771,0.628,False,5
2026-09-07T13:06:59Z,trade,Namibia:85:Import,"Namibia — Electrical machinery and equipment and parts thereof; sound recorders and reproducers; television image and sound recorders and reproducers, parts and accessories of such articles (Import)",2024,536704578.616,76195181.26599997,15795598.565,77514519.282046,0.779,False,5
2026-09-07T13:06:59Z,trade,Namibia:87:Export,"Namibia — Vehicles; other than railway or tramway rolling stock, and parts and accessories thereof (Export)",2024,45790806.497,-40632710.35999999,-5432356.8572,43010189.986657,-0.818,False,5
2026-09-07T13:06:59Z,trade,Namibia:87:Import,"Namibia — Vehicles; other than railway or tramway rolling stock, and parts and accessories thereof (Import)",2024,693973234.218,22704765.038000107,16594977.2904,201823643.855722,0.03,False,5
2026-09-07T13:06:59Z,trade,Namibia:88:Import,"Namibia — Aircraft, spacecraft, and parts thereof (Import)",2024,160082998.258,107557807.82,673027.6476,24148432.741452,4.426,True,5
2026-09-07T13:06:59Z,trade,Namibia:89:Export,"Namibia — Ships, boats and floating structures (Export)",2024,1414437.279,552610.3640000001,-176763327.546,392298941.276888,0.452,False,5
2026-09-07T13:06:59Z,trade,Namibia:89:Import,"Namibia — Ships, boats and floating structures (Import)",2024,16371085.158,-21358662.533,-155681451.1134,341434854.807526,0.393,False,5
2026-09-07T13:06:59Z,trade,Namibia:90:Import,"Namibia — Optical, photographic, cinematographic, measuring, checking, medical or surgical instruments and apparatus; parts and accessories (Import)",2024,140665610.999,12373326.058000013,6314484.434,20437246.286015,0.296,False,5
2026-09-07T13:06:59Z,trade,Namibia:94:Import,"Namibia — Furniture; bedding, mattresses, mattress supports, cushions and similar stuffed furnishings; lamps and lighting fittings, n.e.c.; illuminated signs, illuminated name-plates and the like; prefabricated buildings (Import)",2024,78241245.099,16729827.033000007,-1914901.9578,13501787.278068,1.381,False,5
2026-09-07T13:06:59Z,trade,South Africa:8:Export,"South Africa — Fruit and nuts, edible; peel of citrus fruit or melons (Export)",2025,6013023621.371,1069880869.2180004,211073486.966833,353217251.662479,2.431,True,6
2026-09-07T13:06:59Z,trade,South Africa:10:Export,South Africa — Cereals (Export),2025,978552231.955,-187789150.13399994,101801716.975667,326769650.194537,-0.886,False,6
2026-09-07T13:06:59Z,trade,South Africa:10:Import,South Africa — Cereals (Import),2025,1328221337.27,-61287050.75699997,67222951.115833,100633279.797887,-1.277,False,6
2026-09-07T13:06:59Z,trade,South Africa:15:Import,"South Africa — Animal, vegetable or microbial fats and oils and their cleavage products; prepared edible fats; animal or vegetable waxes (Import)",2025,944584246.315,103428444.87400007,29929284.04,246036714.296638,0.299,False,6
2026-09-07T13:06:59Z,trade,South Africa:20:Export,"South Africa — Preparations of vegetables, fruit, nuts or other parts of plants (Export)",2025,861889460.464,15728213.067000031,29260384.0805,71978976.288452,-0.188,False,6
2026-09-07T13:06:59Z,trade,South Africa:21:Export,South Africa — Miscellaneous edible preparations (Export),2025,750594841.491,106493726.25400007,32328803.122667,26696749.789057,2.778,True,6
2026-09-07T13:06:59Z,trade,South Africa:22:Export,"South Africa — Beverages, spirits and vinegar (Export)",2025,1645832787.196,118336048.65600014,17820540.2875,168399521.879016,0.597,False,6
2026-09-07T13:06:59Z,trade,South Africa:22:Import,"South Africa — Beverages, spirits and vinegar (Import)",2025,682916246.575,-14051481.39499998,14835227.125333,148564329.517793,-0.194,False,6
2026-09-07T13:06:59Z,trade,South Africa:25:Export,"South Africa — Salt; sulphur; earths, stone; plastering materials, lime and cement (Export)",2025,929140040.15,116006521.63699996,43468457.274,138452712.110799,0.524,False,6
2026-09-07T13:06:59Z,trade,South Africa:26:Export,"South Africa — Ores, slag and ash (Export)",2025,18086784983.313,887297095.6479988,923912763.146167,2446497339.504743,-0.015,False,6
2026-09-07T13:06:59Z,trade,South Africa:27:Export,"South Africa — Mineral fuels, mineral oils and products of their distillation; bituminous substances; mineral waxes (Export)",2025,9509780951.957,-1053768173.3359985,84804757.500167,4412421639.434904,-0.258,False,6
2026-09-07T13:06:59Z,trade,South Africa:27:Import,"South Africa — Mineral fuels, mineral oils and products of their distillation; bituminous substances; mineral waxes (Import)",2025,18496700554.443,-1101598813.343998,405691627.307,6060747954.081613,-0.249,False,6
2026-09-07T13:06:59Z,trade,South Africa:28:Export,"South Africa — Inorganic chemicals; organic and inorganic compounds of precious metals; of rare earth metals, of radio-active elements and of isotopes (Export)",2025,1071556319.47,-63645798.13599992,-37121263.244,473065659.765818,-0.056,False,6
2026-09-07T13:06:59Z,trade,South Africa:28:Import,"South Africa — Inorganic chemicals; organic and inorganic compounds of precious metals; of rare earth metals, of radio-active elements and of isotopes (Import)",2025,1700180013.15,113166146.81700015,8231809.286,375878652.495064,0.279,False,6
2026-09-07T13:06:59Z,trade,South Africa:29:Export,South Africa — Organic chemicals (Export),2025,1094767423.019,-26385303.59500003,-992294.901167,144376608.465555,-0.176,False,6
2026-09-07T13:06:59Z,trade,South Africa:29:Import,South Africa — Organic chemicals (Import),2025,1401868002.327,-81479960.72400022,-13812145.557833,298016254.8414,-0.227,False,6
2026-09-07T13:06:59Z,trade,South Africa:30:Export,South Africa — Pharmaceutical products (Export),2025,553891226.952,16028015.062000036,18638537.726833,203365726.357591,-0.013,False,6
2026-09-07T13:06:59Z,trade,South Africa:30:Import,South Africa — Pharmaceutical products (Import),2025,2504631303.303,81365570.66699982,-9009258.24,381136090.702682,0.237,False,6
2026-09-07T13:06:59Z,trade,South Africa:31:Import,South Africa — Fertilizers (Import),2025,1083611832.762,171641295.3820001,52299440.644,438854394.643452,0.272,False,6
2026-09-07T13:06:59Z,trade,South Africa:32:Import,"South Africa — Tanning or dyeing extracts; tannins and their derivatives; dyes, pigments and other colouring matter; paints, varnishes; putty, other mastics; inks (Import)",2025,555113112.774,21513549.789000034,3122603.213167,89605062.127316,0.205,False,6
2026-09-07T13:06:59Z,trade,South Africa:33:Export,"South Africa — Essential oils and resinoids; perfumery, cosmetic or toilet preparations (Export)",2025,907784628.566,30515921.580000043,42980736.7615,88609657.391609,-0.141,False,6
2026-09-07T13:06:59Z,trade,South Africa:33:Import,"South Africa — Essential oils and resinoids; perfumery, cosmetic or toilet preparations (Import)",2025,1250495709.706,37005286.870000124,18502416.139167,134376924.975334,0.138,False,6
2026-09-07T13:06:59Z,trade,South Africa:38:Export,South Africa — Chemical products n.e.c. (Export),2025,998501167.578,39179265.410999894,-13612025.745167,489495450.454801,0.108,False,6
2026-09-07T13:06:59Z,trade,South Africa:38:Import,South Africa — Chemical products n.e.c. (Import),2025,2008645487.906,19190799.197999954,51573295.531,216129840.287003,-0.15,False,6
2026-09-07T13:06:59Z,trade,South Africa:39:Export,South Africa — Plastics and articles thereof (Export),2025,1531622927.765,84781548.90400004,1273034.046333,199209699.219824,0.419,False,6
2026-09-07T13:06:59Z,trade,South Africa:39:Import,South Africa — Plastics and articles thereof (Import),2025,2857429355.729,-37455823.01900005,12604598.2285,560480854.369048,-0.089,False,6
2026-09-07T13:06:59Z,trade,South Africa:40:Import,South Africa — Rubber and articles thereof (Import),2025,1362926704.323,-718092.3350000381,11831884.242,226423118.471983,-0.055,False,6
2026-09-07T13:06:59Z,trade,South Africa:44:Export,South Africa — Wood and articles of wood; wood charcoal (Export),2025,747458367.032,166738415.2069999,-535055.092833,99370311.456995,1.683,False,6
2026-09-07T13:06:59Z,trade,South Africa:47:Export,South Africa — Pulp of wood or other fibrous cellulosic material; recovered (waste and scrap) paper or paperboard (Export),2025,1085877551.304,-82844837.64600015,43482799.495167,247524509.750973,-0.51,False,6
2026-09-07T13:06:59Z,trade,South Africa:48:Export,"South Africa — Paper and paperboard; articles of paper pulp, of paper or paperboard (Export)",2025,667006470.111,-2264476.350000024,-2874821.859167,57222763.545514,0.011,False,6
2026-09-07T13:06:59Z,trade,South Africa:48:Import,"South Africa — Paper and paperboard; articles of paper pulp, of paper or paperboard (Import)",2025,1075724947.831,-13588863.98000002,3549261.548167,186898619.938899,-0.092,False,6
2026-09-07T13:06:59Z,trade,South Africa:49:Import,"South Africa — Printed books, newspapers, pictures and other products of the printing industry; manuscripts, typescripts and plans (Import)",2025,113571402.492,-450980833.73100007,-99407587.396167,678779672.993283,-0.518,False,6
2026-09-07T13:06:59Z,trade,South Africa:61:Import,South Africa — Apparel and clothing accessories; knitted or crocheted (Import),2025,1044491579.16,56061818.25999999,24963127.476667,163970538.457382,0.19,False,6
2026-09-07T13:06:59Z,trade,South Africa:62:Import,South Africa — Apparel and clothing accessories; not knitted or crocheted (Import),2025,1090240275.811,115419332.88000011,-4942937.241833,120183093.317481,1.001,False,6
2026-09-07T13:06:59Z,trade,South Africa:64:Import,South Africa — Footwear; gaiters and the like; parts of such articles (Import),2025,983536354.866,-4514587.778999925,10217865.307333,181807812.981208,-0.081,False,6
2026-09-07T13:06:59Z,trade,South Africa:71:Export,"South Africa — Natural, cultured pearls; precious, semi-precious stones; precious metals, metals clad with precious metal, and articles thereof; imitation jewellery; coin (Export)",2025,23279259050.444,2977111356.568001,695076079.4765,7929747863.452002,0.288,False,6
2026-09-07T13:06:59Z,trade,South Africa:71:Import,"South Africa — Natural, cultured pearls; precious, semi-precious stones; precious metals, metals clad with precious metal, and articles thereof; imitation jewellery; coin (Import)",2025,2026908475.866,193017666.10099983,109827426.859667,208859728.463995,0.398,False,6
2026-09-07T13:06:59Z,trade,South Africa:72:Export,South Africa — Iron and steel (Export),2025,3452381007.171,-2315088833.5779996,-85684704.171833,1302991012.13764,-1.711,False,6
2026-09-07T13:06:59Z,trade,South Africa:72:Import,South Africa — Iron and steel (Import),2025,1526647118.895,-179678874.76900005,86056237.947167,412238197.767975,-0.645,False,6
2026-09-07T13:06:59Z,trade,South Africa:73:Export,South Africa — Iron or steel articles (Export),2025,1253349521.532,-33191041.023000002,-19978537.865667,177688736.665709,-0.074,False,6
2026-09-07T13:06:59Z,trade,South Africa:73:Import,South Africa — Iron or steel articles (Import),2025,1200577214.207,3223518.9960000515,14855129.4995,180050964.037217,-0.065,False,6
2026-09-07T13:06:59Z,trade,South Africa:74:Export,South Africa — Copper and articles thereof (Export),2025,1264832050.213,194370298.9050001,54953307.4695,168902898.616156,0.825,False,6
2026-09-07T13:06:59Z,trade,South Africa:74:Import,South Africa — Copper and articles thereof (Import),2025,805473111.844,-36000848.52600002,60060347.545,178165738.893045,-0.539,False,6
2026-09-07T13:06:59Z,trade,South Africa:75:Export,South Africa — Nickel and articles thereof (Export),2025,543926851.72,-12103829.666999936,28195566.3365,199428734.387295,-0.202,False,6
2026-09-07T13:06:59Z,trade,South Africa:76:Export,South Africa — Aluminium and articles thereof (Export),2025,2407097737.176,240741126.82299995,23202431.739833,249632648.724384,0.871,False,6
2026-09-07T13:06:59Z,trade,South Africa:76:Import,South Africa — Aluminium and articles thereof (Import),2025,688309773.651,29072892.103000045,-5368022.555,132351366.81702,0.26,False,6
2026-09-07T13:06:59Z,trade,South Africa:84:Export,"South Africa — Machinery and mechanical appliances, boilers, nuclear reactors; parts thereof (Export)",2025,5876080189.08,215712125.10099983,-23142611.506,864990989.376188,0.276,False,6
2026-09-07T13:06:59Z,trade,South Africa:84:Import,"South Africa — Machinery and mechanical appliances, boilers, nuclear reactors; parts thereof (Import)",2025,14010172641.826,1106719901.8479996,236091276.120833,1472426625.272492,0.591,False,6
2026-09-07T13:06:59Z,trade,South Africa:85:Export,"South Africa — Electrical machinery and equipment and parts thereof; sound recorders and reproducers; television image and sound recorders and reproducers, parts and accessories of such articles (Export)",2025,2375618890.169,75238667.33400011,80766211.8355,193855687.264701,-0.029,False,6
2026-09-07T13:06:59Z,trade,South Africa:85:Import,"South Africa — Electrical machinery and equipment and parts thereof; sound recorders and reproducers; television image and sound recorders and reproducers, parts and accessories of such articles (Import)",2025,10431809510.263,574889171.4260006,205144424.164333,1860425026.954349,0.199,False,6
2026-09-07T13:06:59Z,trade,South Africa:87:Export,"South Africa — Vehicles; other than railway or tramway rolling stock, and parts and accessories thereof (Export)",2025,15254675513.2,2693980897.9570007,286600546.288833,1843983488.30657,1.306,False,6
2026-09-07T13:06:59Z,trade,South Africa:87:Import,"South Africa — Vehicles; other than railway or tramway rolling stock, and parts and accessories thereof (Import)",2025,8773746268.682,1639111073.6779995,16708071.9715,1764697432.291908,0.919,False,6
2026-09-07T13:06:59Z,trade,South Africa:88:Import,"South Africa — Aircraft, spacecraft, and parts thereof (Import)",2025,1233022150.554,404398806.4089999,15253613.9775,290271869.840254,1.341,False,6
2026-09-07T13:06:59Z,trade,South Africa:90:Export,"South Africa — Optical, photographic, cinematographic, measuring, checking, medical or surgical instruments and apparatus; parts and accessories (Export)",2025,741642248.355,154913122.06200004,5828634.520833,35848785.076016,4.159,True,6
2026-09-07T13:06:59Z,trade,South Africa:90:Import,"South Africa — Optical, photographic, cinematographic, measuring, checking, medical or surgical instruments and apparatus; parts and accessories (Import)",2025,2536366791.662,142549739.88700008,22982298.778833,202263401.602814,0.591,False,6
2026-09-07T13:06:59Z,trade,South Africa:94:Import,"South Africa — Furniture; bedding, mattresses, mattress supports, cushions and similar stuffed furnishings; lamps and lighting fittings, n.e.c.; illuminated signs, illuminated name-plates and the like; prefabricated buildings (Import)",2025,735619863.871,64345814.552000046,-16485343.878,132526622.676281,0.61,False,6
2026-09-07T13:06:59Z,trade,South Africa:99:Import,South Africa — Commodities not specified according to kind (Import),2025,8548408807.086,388293306.691,119575412.140333,1634067187.837431,0.164,False,6
2026-09-07T13:06:59Z,eci,Botswana:sacu_rank,Botswana — SACU rank,2023,5.0,0.0,0.0,0.0,,False,4
2026-09-07T13:06:59Z,eci,Eswatini:sacu_rank,Eswatini — SACU rank,2023,2.0,-1.0,0.25,0.5,-2.5,True,4
2026-09-07T13:06:59Z,eci,Lesotho:sacu_rank,Lesotho — SACU rank,2023,4.0,0.0,0.0,0.0,,False,4
2026-09-07T13:06:59Z,eci,Namibia:sacu_rank,Namibia — SACU rank,2023,3.0,1.0,-0.25,0.5,2.5,True,4
2026-09-07T13:06:59Z,eci,South Africa:sacu_rank,South Africa — SACU rank,2023,1.0,0.0,0.0,0.0,,False,4
2026-09-07T13:06:59Z,eci,Botswana:log_fitness_score,Botswana — log-Fitness,2023,-29.4047,0.3088000000000015,-0.090975,0.266621,1.499,False,4
2026-09-07T13:06:59Z,eci,Eswatini:log_fitness_score,Eswatini — log-Fitness,2023,-20.7883,0.8095999999999997,-0.377625,0.712255,1.667,False,4
2026-09-07T13:06:59Z,eci,Lesotho:log_fitness_score,Lesotho — log-Fitness,2023,-23.4203,0.6765000000000008,0.234025,1.319844,0.335,False,4
2026-09-07T13:06:59Z,eci,Namibia:log_fitness_score,Namibia — log-Fitness,2023,-21.6144,-0.8176999999999985,0.1769,2.048293,-0.486,False,4
2026-09-07T13:06:59Z,eci,South Africa:log_fitness_score,South Africa — log-Fitness,2023,1.6094,0.0,0.0,0.0,,False,4
