pulled_at,reliefweb_id,title,url,date_created,source,countries,disaster_types
2026-09-09T05:38:57Z,4226935,GIEWS Country Brief: Lesotho 24-August-2026,https://reliefweb.int/node/4226935,2026-08-25T03:38:36+00:00,Food and Agriculture Organization of the United Nations,Lesotho,
2026-09-09T05:38:57Z,4225083,"Lesotho: Key Message Update - Maize imports expected to support food access despite below-average harvest, July 2026 - January 2027",https://reliefweb.int/node/4225083,2026-08-11T01:51:19+00:00,Famine Early Warning System Network,Lesotho,
2026-09-09T05:38:57Z,4224904,Lesotho | Drought induced food insecurity - Final Report (MDRLS008),https://reliefweb.int/node/4224904,2026-08-10T00:26:46+00:00,International Federation of Red Cross and Red Crescent Societies,Lesotho,Drought
2026-09-09T05:38:57Z,4224430,WFP Lesotho Country Brief July 2026 (Reporting Period: June 2026),https://reliefweb.int/node/4224430,2026-08-05T08:45:33+00:00,World Food Programme,Lesotho,
2026-09-09T05:38:57Z,4224377,Lesotho: IPC Acute Food Insecurity Analysis May 2026 - March 2027 (Published on 3 August 2026),https://reliefweb.int/node/4224377,2026-08-05T00:59:56+00:00,Integrated Food Security Phase Classification,Lesotho,
2026-09-09T05:38:57Z,4222398,"Lesotho | Drought - Early Action Protocol Annual Report, 22 March 2026 (EAP2022LS01/MDRLS006)",https://reliefweb.int/node/4222398,2026-07-22T02:33:22+00:00,International Federation of Red Cross and Red Crescent Societies,Lesotho,Drought
2026-09-09T05:38:57Z,4220815,Lesotho Food Security Outlook June 2026 - January 2027: Households expected to meet food needs following favorable harvest,https://reliefweb.int/node/4220815,2026-07-09T23:38:21+00:00,Famine Early Warning System Network,Lesotho,
2026-09-09T05:38:57Z,4216973,WFP Lesotho Country Brief June 2026,https://reliefweb.int/node/4216973,2026-06-19T08:39:35+00:00,World Food Programme,Lesotho,
2026-09-09T05:38:57Z,4214958,Lesotho Key Message Update May - September 2026: The ongoing favorable harvest is improving food consumption,https://reliefweb.int/node/4214958,2026-06-05T02:30:58+00:00,Famine Early Warning System Network,Lesotho,
2026-09-09T05:38:57Z,4214137,IOM Supports Strengthened District Coordination to Address Trafficking in Persons in Lesotho,https://reliefweb.int/node/4214137,2026-05-29T17:03:09+00:00,International Organization for Migration,Lesotho,
2026-09-09T05:38:57Z,4211350,Lesotho Key Message Update April - September 2026: Favorable start of harvest likely improving food consumption,https://reliefweb.int/node/4211350,2026-05-11T00:34:29+00:00,Famine Early Warning System Network,Lesotho,
2026-09-09T05:38:57Z,4208243,"Lesotho | Cold Wave - Early Action Protocol Annual Report, 17 April 2026 (EAP2023LS02 | MDRLS010)",https://reliefweb.int/node/4208243,2026-04-20T00:50:35+00:00,International Federation of Red Cross and Red Crescent Societies,Lesotho,Cold Wave
2026-09-09T05:38:57Z,4206767,Lesotho Key Message Update March - September 2026: Favorable rainy season expected to support an above-average harvest,https://reliefweb.int/node/4206767,2026-04-10T03:59:41+00:00,Famine Early Warning System Network,Lesotho,
2026-09-09T05:38:57Z,4200678,Lesotho receives first batch of Lenacapavir,https://reliefweb.int/node/4200678,2026-03-02T12:52:58+00:00,World Health Organization,Lesotho,
2026-09-09T05:38:57Z,4191603,WFP Lesotho Country Brief November 2025,https://reliefweb.int/node/4191603,2025-12-17T07:53:32+00:00,World Food Programme,Lesotho,
2026-09-09T05:38:57Z,4188112,Portugal supports WFP to improve child nutrition in Lesotho | World Food Programme,https://reliefweb.int/node/4188112,2025-11-21T11:33:17+00:00,World Food Programme,Lesotho;Portugal,Drought
2026-09-09T05:38:57Z,4187045,Lesotho | Droughts - Operation Update #5 (Emergency Appeal №: MDRLS008),https://reliefweb.int/node/4187045,2025-11-14T17:33:08+00:00,International Federation of Red Cross and Red Crescent Societies,Lesotho,Drought
2026-09-09T05:38:57Z,4186929,"WFP Lesotho Country Brief, October 2025",https://reliefweb.int/node/4186929,2025-11-14T10:36:11+00:00,World Food Programme,Lesotho,Drought
2026-09-09T05:38:57Z,4186928,"WFP Lesotho Country Brief, September 2025",https://reliefweb.int/node/4186928,2025-11-14T10:35:10+00:00,World Food Programme,Lesotho,
2026-09-09T05:38:57Z,4185400,Lesotho: IPC Acute Food Insecurity Analysis May 2025 - March 2026 (Published on 9 October 2025),https://reliefweb.int/node/4185400,2025-11-06T00:07:19+00:00,Integrated Food Security Phase Classification,Lesotho,Drought
2026-09-09T05:38:57Z,4181311,Lesotho: Project Highlights,https://reliefweb.int/node/4181311,2025-10-15T11:03:13+00:00,Food and Agriculture Organization of the United Nations,Lesotho,Flood
2026-09-09T05:38:57Z,4178560,"WFP Lesotho Country Brief, August 2025",https://reliefweb.int/node/4178560,2025-09-30T12:45:39+00:00,World Food Programme,Lesotho,
2026-09-09T05:38:57Z,4176704,Lesotho strengthens one health collaboration through national bridging workshop,https://reliefweb.int/node/4176704,2025-09-19T07:57:49+00:00,World Health Organization,Lesotho,
2026-09-09T05:38:57Z,4176701,Lesotho ramps up efforts to curb NCDIs with national coordinating mechanism,https://reliefweb.int/node/4176701,2025-09-19T07:49:51+00:00,World Health Organization,Lesotho,
2026-09-09T05:38:57Z,4170543,Lesotho | Drought-induced Food insecurity №: MDRLS008 Operation Update #4,https://reliefweb.int/node/4170543,2025-08-14T09:03:26+00:00,International Federation of Red Cross and Red Crescent Societies,Lesotho,Drought;Heat Wave
2026-09-09T05:38:57Z,4168462,Japan contributes towards food and nutrition security in Lesotho | World Food Programme,https://reliefweb.int/node/4168462,2025-08-01T09:03:05+00:00,World Food Programme,Lesotho;Japan,
2026-09-09T05:38:57Z,4166847,"Amid Devastating Budget Cuts, Groundbreaking HIV Prevention Injectable Launches in Eswatini, Lesotho & Malawi",https://reliefweb.int/node/4166847,2025-06-30T00:00:00+00:00,International Planned Parenthood Federation,Eswatini;Lesotho;Malawi,
2026-09-09T05:38:57Z,4159940,"WFP Lesotho Country Brief, May 2025",https://reliefweb.int/node/4159940,2025-06-19T09:47:09+00:00,World Food Programme,Lesotho,
2026-09-09T05:38:57Z,4157964,Lesotho leads Africa in health innovation: pilots AFFLU Influenza Surveillance Platform,https://reliefweb.int/node/4157964,2025-06-10T13:42:58+00:00,World Health Organization,Lesotho,
2026-09-09T05:38:57Z,4154797,DREF Final Report: Lesotho - Storm Surge,https://reliefweb.int/node/4154797,2025-05-23T18:03:08+00:00,International Federation of Red Cross and Red Crescent Societies,Lesotho,Flash Flood;Flood;Severe Local Storm
2026-09-09T05:38:57Z,4146580,Lesotho provides a digital lifeline for mothers and newborns,https://reliefweb.int/node/4146580,2025-04-15T13:08:52+00:00,World Health Organization,Lesotho,
2026-09-09T05:38:57Z,4145074,Lesotho Economic Update April 2025,https://reliefweb.int/node/4145074,2025-04-08T23:41:30+00:00,World Bank,Lesotho,Drought;Epidemic;Flood
2026-09-09T05:38:57Z,4144485,Lesotho Integrated Master Plan for Neglected Tropical Diseases (NTDs) 2024 - 2030,https://reliefweb.int/node/4144485,2025-04-07T08:51:47+00:00,Government of Lesotho;World Health Organization,Lesotho,
2026-09-09T05:38:57Z,4143414,Mécanisme de santé et d'alimentation scolaires au Kenya et au Lesotho : Rapport d'avancement. Août-décembre 2024,https://reliefweb.int/node/4143414,2025-04-01T21:20:50+00:00,Global Partnership for Education,Kenya;Lesotho,
2026-09-09T05:38:57Z,4142514,Lesotho Annual Country Report 2024 - Country Strategic Plan 2019 - 2024,https://reliefweb.int/node/4142514,2025-03-27T17:22:30+00:00,World Food Programme,Lesotho,Drought
2026-09-09T05:38:57Z,4137960,"Lesotho | Drought - Early Action Protocol Annual Report, 31st January 2024 (EAP2022LS01/MDRLS006)",https://reliefweb.int/node/4137960,2025-03-06T18:42:17+00:00,International Federation of Red Cross and Red Crescent Societies,Lesotho,Drought
2026-09-09T05:38:57Z,4134488,Lesotho | Droughts - Operation Update #2 (Emergency Appeal №: MDRLS008),https://reliefweb.int/node/4134488,2025-02-20T13:23:19+00:00,International Federation of Red Cross and Red Crescent Societies,Lesotho,Drought
2026-09-09T05:38:57Z,4133969,Lesotho | Droughts - Operation Update #1 (Emergency Appeal №: MDRLS008),https://reliefweb.int/node/4133969,2025-02-18T16:12:12+00:00,International Federation of Red Cross and Red Crescent Societies,Lesotho,Drought
2026-09-09T05:38:57Z,4132804,GIEWS Country Brief: Lesotho 14-February-2025,https://reliefweb.int/node/4132804,2025-02-14T13:49:47+00:00,Food and Agriculture Organization of the United Nations,Lesotho,Drought
2026-09-09T05:38:57Z,4130738,Emergency cash transfers: Critical for livelihoods and human capital investments for the poor and vulnerable in Lesotho,https://reliefweb.int/node/4130738,2025-02-07T23:00:04+00:00,World Bank,Lesotho,Drought
2026-09-09T05:38:57Z,4129913,Lesotho: IPC Acute Food Insecurity Analysis January 2025 - March 2025 (Published on 05 February 2025),https://reliefweb.int/node/4129913,2025-02-05T10:54:09+00:00,Integrated Food Security Phase Classification,Lesotho,Drought
2026-09-09T05:38:57Z,4128172,Anticipating the impact of drought in Lesotho - Key findings from the Anticipatory Action activation 2023/24,https://reliefweb.int/node/4128172,2025-01-28T13:50:55+00:00,World Food Programme,Lesotho,Drought
2026-09-09T05:38:57Z,4127974,"WFP Lesotho Country Brief, December 2024",https://reliefweb.int/node/4127974,2025-01-27T18:55:45+00:00,World Food Programme,Lesotho,Drought
2026-09-09T05:38:57Z,4137435,Lesotho FY 2025 Country Roadmap,https://reliefweb.int/node/4137435,2025-01-17T00:00:00+00:00,US Agency for International Development,Lesotho,
2026-09-09T05:38:57Z,4125205,"WFP Lesotho Country Brief, November 2024",https://reliefweb.int/node/4125205,2025-01-15T07:44:22+00:00,World Food Programme,Lesotho,Drought
2026-09-09T05:38:57Z,4115300,"Lesotho Assistance Overview, December 2024",https://reliefweb.int/node/4115300,2024-12-03T20:20:30+00:00,US Agency for International Development,Lesotho;United States of America,Drought
2026-09-09T05:38:57Z,4110490,"WFP Lesotho Country Brief, October 2024",https://reliefweb.int/node/4110490,2024-11-14T18:49:29+00:00,World Food Programme,Lesotho,Drought
2026-09-09T05:38:57Z,4109113,"Lesotho Remote Monitoring Report: Low food access driving Crisis (IPC Phase 3) outcomes until 2025 harvest, October 2024",https://reliefweb.int/node/4109113,2024-11-08T23:06:08+00:00,Famine Early Warning System Network,Lesotho,Drought
2026-09-09T05:38:57Z,4106273,"Lesotho, Africa | Drought-Induced Food Insecurity - Emergency Appeal Operational Strategy (Appeal № MDRLS008)",https://reliefweb.int/node/4106273,2024-10-30T18:43:52+00:00,International Federation of Red Cross and Red Crescent Societies,Lesotho,Drought
2026-09-09T05:38:57Z,4105683,"WFP Lesotho Country Brief, September 2024",https://reliefweb.int/node/4105683,2024-10-29T14:46:35+00:00,World Food Programme,Lesotho,Drought
