pulled_at,seendate,title,url,domain,sourcecountry,language
2026-09-01T10:41:55Z,20260901T101500Z,库克的中国十五年 ： 种下苹果 ， 养大对手,https://www.163.com/dy/article/L5OQBRQ105118O92.html,163.com,China,Chinese
2026-09-01T10:41:55Z,20260901T094500Z,10 مليارات دولار ترسم الخريطة .. كيف تحولت الاستثمارات الصينية بمصر من الإنشاءات إلى الصناعة ؟ ,https://akhbarelyom.com/news/newdetails/4871878/1/10-%D9%85%D9%84%D9%8A%D8%A7%D8%B1%D8%A7%D8%AA-%D8%AF%D9%88%D9%84%D8%A7%D8%B1-%D8%AA%D8%B1%D8%B3%D9%85-%D8%A7%D9%84%D8%AE%D8%B1%D9%8A%D8%B7%D8%A9-%D9%83%D9%8A%D9%81-%D8%AA%D8%AD%D9%88%D9%84%D8%AA-,akhbarelyom.com,Egypt,Arabic
2026-09-01T10:41:55Z,20260901T081500Z,"Sumadhura Group enters Chennai market with 52 - acre industrial and logistics park project , to invest ₹400 Crore",https://www.hindustantimes.com/real-estate/sumadhura-group-enters-chennai-market-with-52-acre-industrial-and-logistics-park-project-to-invest-400-crore-101788248429288.html,hindustantimes.com,India,English
2026-09-01T10:41:55Z,20260901T081500Z,Rusia setujui pembaruan strategi pengembangan industri otomotif,https://www.antaranews.com/berita/5720371/rusia-setujui-pembaruan-strategi-pengembangan-industri-otomotif,antaranews.com,Indonesia,Indonesian
2026-09-01T10:41:55Z,20260901T081500Z,"BOXABL ( BXBL ) Signs Deal for Up to 1 , 580 Modular Ranch Homes",https://www.citynewsokc.com/online_features/press_releases/boxabl-bxbl-signs-deal-for-up-to-1-580-modular-ranch-homes/article_1f227ae6-42a9-5135-836b-37e6f8f5fa0d.html,citynewsokc.com,,English
2026-09-01T10:41:55Z,20260901T073000Z,"October 2026 Global Sources Hong Kong Shows : 25 % Jump in Buyer Pre - registration as Europe , North America Lead the Surge",http://www.australiannews.net/news/279278161/october-2026-global-sources-hong-kong-shows-25-jump-in-buyer-pre-registration-as-europe-north-america-lead-the-surge,australiannews.net,Australia,English
2026-09-01T10:41:55Z,20260901T073000Z,Lassan valósággá válik a német rémálom : végleg térdre kényszeríthetik a kínaiak a Mercedest és a Volkswagent,https://www.penzcentrum.hu/auto/20260901/lassan-valosagga-valik-a-nemet-remalom-vegleg-terdre-kenyszerithetik-a-kinaiak-a-mercedest-es-a-volkswagent-1204720,penzcentrum.hu,Hungary,Hungarian
2026-09-01T10:41:55Z,20260901T071500Z,"Tappita Vocational Training Institute Opens Temporary Campus , Launches Academic Enrichment Program to Prepare Incoming Students for Full - Time Classes",https://frontpageafricaonline.com/tappita-vocational-training-institute-opens-temporary-campus-launches-academic-enrichment-program-to-prepare-incoming-students-for-full-time-classes/,frontpageafricaonline.com,Liberia,English
2026-09-01T10:41:55Z,20260901T070000Z,"Elon Musk and His SpaceX Plans : why SpaceX buys Tesla , and what the AI - sector ontology says about it",https://www.livetradingnews.com/elon-musk-and-his-spacex-plans-terafab-starmind-and-the-case-for-one-company,livetradingnews.com,United States,English
2026-09-01T10:41:55Z,20260901T051500Z,Außenminister Wadephul in Nordafrika : Migration statt Wirtschaft,https://www.tagesschau.de/ausland/afrika/wadephul-tunesien-algerien-reise-100.html,tagesschau.de,Germany,German
2026-09-01T10:41:55Z,20260901T050000Z,Sino - Egypt collaboration fosters industrial growth,http://global.chinadaily.com.cn/a/202609/01/WS6a96270be4b06d4aa055b8ee.html,global.chinadaily.com.cn,China,English
2026-09-01T10:41:55Z,20260901T044500Z,Söder sicher : Studie stellt EU - Regeln für Elektroautos infrage,https://www.hna.de/wirtschaft/elektroautos-infrage-soeder-sicher-studie-stellt-eu-regeln-fuer-zr-94466976.html,hna.de,Germany,German
2026-09-01T10:41:55Z,20260901T044500Z,จับแล้ว ! หนุ่มข้าราชการเทศบาล มือแทง  นายกอบต . บ้านติ้ว  เสียชีวิต,https://www.dailynews.co.th/news/6154287/,dailynews.co.th,Thailand,Thai
2026-09-01T10:41:55Z,20260901T044500Z,"October 2026 Global Sources Hong Kong Shows : 25 % Jump in Buyer Pre - registration as Europe , North America Lead the Surge",http://www.asiabulletin.com/news/279278161/october-2026-global-sources-hong-kong-shows-25-jump-in-buyer-pre-registration-as-europe-north-america-lead-the-surge,asiabulletin.com,China,English
2026-09-01T10:41:55Z,20260901T041500Z,"October 2026 Global Sources Hong Kong Shows : 25 % Jump in Buyer Pre - registration as Europe , North America Lead the Surge",http://www.singaporestar.com/news/279278161/october-2026-global-sources-hong-kong-shows-25-jump-in-buyer-pre-registration-as-europe-north-america-lead-the-surge,singaporestar.com,Singapore,English
2026-09-01T10:41:55Z,20260901T041500Z,Korea - Central Asia Summit Draws Eyes toward the Region,https://www.globalasia.org/forum/korea-central-asia-summit-draws-eyes-toward-the-region_aidar-kurmashev,globalasia.org,,English
2026-09-01T10:41:55Z,20260901T041500Z,铁公联运通喀什 _ 天津新闻 _ 天津政务网,https://www.tj.gov.cn/sy/tjxw/202609/t20260901_7362782.html,tj.gov.cn,China,Chinese
2026-09-01T10:41:55Z,20260901T040000Z,E Weekly Highlights | Leapmotor and FAW Deepen Cooperation ; Dreame Addresses Business Changes,https://autonews.gasgoo.com/articles/market-industry/e-weekly-highlights-leapmotor-and-faw-deepen-cooperation-dreame-addresses-business-changes-2094613216700481537,autonews.gasgoo.com,China,English
2026-09-01T10:41:55Z,20260901T040000Z," [ Gasgoo Express ] Xiaomi Auto Shares 100 , 000+ km Data ; Arcfox T7 Tops 30 , 000 Pre - Orders",https://autonews.gasgoo.com/articles/market-industry/gasgoo-express-xiaomi-auto-shares-100000-km-data-arcfox-t7-tops-30000-pre-orders-2094619477546455041,autonews.gasgoo.com,China,English
2026-09-01T10:41:55Z,20260901T040000Z,"早报｜库克卸任苹果CEO , 内部告别信曝光 /《 牛来 》 密钥延期 , 冲刺国庆档 / 网易云音乐鸿蒙版开放测试",https://www.ifanr.com/1677753,ifanr.com,China,Chinese
2026-09-01T10:41:55Z,20260901T040000Z,Building Cars 2 . 0 : Supply Chains Take Center Stage as New Book Is Published,https://autonews.gasgoo.com/articles/news/building-cars-20-supply-chains-take-center-stage-as-new-book-is-published-2094629104724041728,autonews.gasgoo.com,China,English
2026-09-01T10:41:55Z,20260901T033000Z,"KI - Die 180 Grad Wende für PS - Boliden ! Im Rampenlicht stehen VW , Porsche , BYD und Standard Uranium",https://www.finanznachrichten.de/nachrichten-2026-09/69457275-ki-die-180-grad-wende-fuer-ps-boliden-im-rampenlicht-stehen-vw-porsche-byd-und-standard-uranium-700.htm,finanznachrichten.de,Germany,German
2026-09-01T10:41:55Z,20260901T031500Z,突破10亿元 ！ 通信模组巨头单季营收创新高 - RFID新闻中心,https://www.rfidworld.com.cn/news/2609_59F8C223FFA01F6C.html,rfidworld.com.cn,China,Chinese
2026-09-01T10:41:55Z,20260901T031500Z,GigaDevice Semiconductor Inc .: GigaDevice stärkt Marktpräsenz in EMEA - Region und Südostasien durch strategische Partnerschaft mit Rutronik,https://www.finanznachrichten.de/nachrichten-2026-09/69457158-gigadevice-semiconductor-inc-gigadevice-staerkt-marktpraesenz-in-emea-region-und-suedostasien-durch-strategische-partnerschaft-mit-rutronik-004.htm,finanznachrichten.de,Germany,German
2026-09-01T10:41:55Z,20260901T030000Z,AMC signs Dassault software deal for defence programme,https://channellife.com.au/story/amc-signs-dassault-software-deal-for-defence-programme,channellife.com.au,Australia,English
2026-09-01T10:41:55Z,20260901T024500Z,Toilet paper price hikes are on the way thanks to Trump trade war with Canada ... And American shoppers are already stocking up,https://www.dailymail.com/yourmoney/article-16092441/Toilet-paper-price-hikes-way-thanks-Trumps-trade-war-Canada-American-shoppers-stocking-up.html,dailymail.com,United States,English
2026-09-01T10:41:55Z,20260901T024500Z,White Horse Lab Quality Inspection Report for Electronic Components,https://www.emsnow.com/white-horse-labs-quality-inspection-report-for-electronic-components-july-2026/,emsnow.com,China,English
2026-09-01T10:41:55Z,20260901T020000Z,Sino - Egypt collaboration fosters industrial growth,http://usa.chinadaily.com.cn/a/202609/01/WS6a96270be4b06d4aa055b8ee.html,usa.chinadaily.com.cn,China,English
2026-09-01T10:41:55Z,20260901T020000Z,Sino - Egypt collaboration fosters industrial growth,http://europe.chinadaily.com.cn/a/202609/01/WS6a96270be4b06d4aa055b8ee.html,europe.chinadaily.com.cn,China,English
2026-09-01T10:41:55Z,20260901T014500Z,"Entrevista : Competitividad e innovación impulsan avance de automotrices chinas en Argentina , afirma experto",http://spanish.xinhuanet.com/20260901/f76196d2807947e293fae0a1dda04bcf/c.html,spanish.xinhuanet.com,China,Spanish
2026-09-01T10:41:55Z,20260831T233000Z,SEMICON Taiwan 2026 Kicks Off : AI Chip Bottleneck Is Wires Connecting Them,https://www.techtimes.com/articles/326056/20260831/semicon-taiwan-2026-kicks-off-ai-chips-bottleneck-wires-connecting-them.htm,techtimes.com,United States,English
2026-09-01T10:41:55Z,20260831T233000Z,"Russia approves updated automotive strategy to export up to 70 , 000 vehicles by 2035",http://www.bruneinews.net/news/279277629/russia-approves-updated-automotive-strategy-to-export-up-to-70000-vehicles-by-2035,bruneinews.net,Malaysia,English
2026-09-01T10:41:55Z,20260831T231500Z,"BÖRSE ONLINE – Seit 1987 unterstützt BÖRSE ONLINE jede Woche Anleger bei ihren Investment - Entscheidungen . Zentrale Themen der Berichterstattung sind fundamentale Markt - und Aktienanalysen , Charttechnik , Handelsstrategien sowie verschiedene Trad...",https://www.boerse-online.de/dpa-afx/irw-news-iperionx-iperionx-sichert-sich-zweiten-auftrag-der-us-armee-zur-beschleunigung-der-titanproduktion-in-den-usa-im-industriellen-massstab-548239.html,boerse-online.de,Germany,German
2026-09-01T10:41:55Z,20260831T231500Z,PTFE Membranes Market worth $2 . 84 billion by 2031 - Exclusive Report by MarketsandMarkets™,https://www.prnewswire.com/news-releases/ptfe-membranes-market-worth-2-84-billion-by-2031---exclusive-report-by-marketsandmarkets-302864855.html,prnewswire.com,United States,English
2026-09-01T10:41:55Z,20260831T220000Z,"Army logistics , MOSA , autonomy , and AI : A chat with GVSETS 2026 leadership",https://militaryembedded.com/comms/vetronics/army-logistics-mosa-autonomy-and-ai-a-chat-with-gvsets-2026-leadership,militaryembedded.com,,English
2026-09-01T10:41:55Z,20260831T220000Z,Embajador de Marruecos destacó potencial de Santa Fe :  Son economías complementarias  ,https://www.cadena3.com/noticia/santa-fe-business-forum/embajador-de-marruecos-destaco-potencial-de-santa-fe-son-economias-complementarias_589419,cadena3.com,Argentina,Spanish
2026-09-01T10:41:55Z,20260831T220000Z,IRW - News : IperionX : Iperionx sichert sich zweiten Auftrag der US - Armee zur Beschleunigung der Titanproduktion in den united states im industriellen Maßstab,https://www.onvista.de/news/2026/08-31-irw-news-iperionx-iperionx-sichert-sich-zweiten-auftrag-der-us-armee-zur-beschleunigung-der-titanproduktion-in-den-usa-im-industriellen-massstab-0-10-26548278,onvista.de,Germany,German
2026-09-01T10:41:55Z,20260831T220000Z,"Apple ( NASDAQ : AAPL ) Shares Slide As Tim Cook Hands Leadership To John Ternus , While Nvidia ( NASDAQ : NVDA ) Surges On $3 . 5 Billion MediaTek Deal",https://www.foreignpolicyjournal.com/2026/08/31/apple-nasdaq-aapl-shares-slide-as-tim-cook-hands-leadership-to-john-ternus-while-nvidia-nasdaq-nvda-surges-on-3-5-billion-mediatek-deal/,foreignpolicyjournal.com,Israel,English
2026-09-01T10:41:55Z,20260831T220000Z,Rusya Otomotiv Sektörü İçin 2035 Stratejisini Onayladı,https://www.haberler.com/otomobil/rusya-otomotiv-endustrisi-stratejisi-2035-20194863-haberi/,haberler.com,Turkey,Turkish
2026-09-01T10:41:55Z,20260831T191500Z,Brazil deal exposes SA missing trade strategy - BLSA,https://www.politicsweb.co.za/news/brazil-deal-exposes-sas-missing-trade-strategy-blsa,politicsweb.co.za,South Africa,English
2026-09-01T10:41:55Z,20260831T144500Z,TCL CSOT Showcases New Innovations and Insights into the Future of Displays at DIC EXPO 2026,http://www.singaporestar.com/news/279276378/tcl-csot-showcases-new-innovations-and-insights-into-the-future-of-displays-at-dic-expo-2026,singaporestar.com,Singapore,English
2026-09-01T10:41:55Z,20260831T124500Z,"Türkiye ekonomisi yüzde 2 , 3 büyüdü",https://www.haberler.com/ekonomi/is-dunyasi-temsilcileri-buyume-rakamlarini-20193428-haberi/,haberler.com,Turkey,Turkish
2026-09-01T10:41:55Z,20260831T123000Z,Who are the economic winners and losers of the US - Israel war on Iran ? ,https://www.aljazeera.com/economy/2026/8/31/who-are-the-economic-winners-and-losers-of-the-us-israel-war-on-iran,aljazeera.com,United States,English
2026-09-01T10:41:55Z,20260831T121500Z,قبل زيارة شي جين بينج للقاهرة .. اليوان في مواجهة الدولار .. هل تتحول الصين من أكبر مورد إلى شريك في الإنتاج والتصدير ونقل التكنولوجيا ؟.. خبراء : 30 مليار يوان تمهد لشراكة صناعية جديدة,https://www.vetogate.com/5722829,vetogate.com,Egypt,Arabic
2026-09-01T10:41:55Z,20260831T114500Z,加拿大對中國電動車降關稅 美加汽車產業與貿易關係添變數,https://n.yam.com/Article/20260831912562,n.yam.com,Taiwan,Chinese
2026-09-01T10:41:55Z,20260831T111500Z,Un aperçu de lindustrie des véhicules à énergies nouvelles chinoise ( Partie 4 ) : « Sinternationaliser » pour bâtir de nouveaux atouts et façonner un nouvel écosystème dexportation automobile,http://french.people.com.cn/Economie/n3/2026/0831/c31355-20494272.html,french.people.com.cn,China,French
2026-09-01T10:41:55Z,20260831T111500Z,"Nomura retains  Buy  on TVS Motor ; sees greater focus on premium , global markets under new CEO",https://www.moneycontrol.com/news/business/stocks/nomura-retains-buy-on-tvs-motor-sees-greater-focus-on-premium-global-markets-under-new-ceo-14019017.html,moneycontrol.com,India,English
2026-09-01T10:41:55Z,20260831T101500Z,安大略湖改名  美国湖 ， 美加60年经贸同盟是否到了终章 ？_ 凤凰网,https://original.ifeng.com/c/8w2d1dwORyM,original.ifeng.com,China,Chinese
2026-09-01T10:41:55Z,20260831T094500Z,扎根基层一线 ， 巧解群众千结 中南财大  循和息讼  实践队走进武汉三地探访文化调解与情理解纷前沿 _ 中华网,https://hea.china.com/articles/20260831/202608311954399.html,hea.china.com,China,Chinese
2026-09-01T10:41:55Z,20260831T094500Z,"Cła nie zatrzymały Chińczyków , ale Europa próbuje odwrócić chiński scenariusz",https://moto.rp.pl/tu-i-teraz/art45068581-chinczycy-przenosza-produkcje-do-europy-milion-aut-juz-w-2030-roku,moto.rp.pl,,Polish
2026-09-01T10:41:55Z,20260831T094500Z,"Hit by tariffs , Canadian tool and die makers eye opportunities in defence industry",https://www.theglobeandmail.com/business/economy/article-tariffs-canadian-tool-die-makers-eye-opportunities-defence-industry/,theglobeandmail.com,Canada,English
2026-09-01T10:41:55Z,20260831T094500Z,"金融行业促销礼品定制方案 , 合规高端 、 精准锁客 , 适配银行 、 保险 、 证券全商务场景 _ 中华网",https://hea.china.com/articles/20260831/202608311954529.html,hea.china.com,China,Chinese
2026-09-01T10:41:55Z,20260831T084500Z,"GAC Group , Jameel Motors agree to local vehicle production in Egypt",https://autonews.gasgoo.com/articles/news/2094261080829542401,autonews.gasgoo.com,China,English
2026-09-01T10:41:55Z,20260831T084500Z,Formnext Asia Shenzhen 2026 : China Has Built the AM Stack . What Comes Next ? - 3DPrint . com,https://3dprint.com/331443/formnext-asia-shenzhen-2026-china-has-built-the-am-stack-what-comes-next/,3dprint.com,United States,English
2026-09-01T10:41:55Z,20260831T084500Z,บีโอไอปั้นไทยฮับการบินเอเชีย หนุนแอร์บัสขยายฐานดิจิทัล - วิศวกรรม,https://www.thaipbs.or.th/news/content/510114,thaipbs.or.th,Thailand,Thai
2026-09-01T10:41:55Z,20260831T083000Z,Decisive Showdown in Barcelona : OMODA 4 Makes Its European Debut as CYBER MECHA Takes Center Stage at VCT EMEA,https://www.owensoundsuntimes.com/press-releases/globe-newswire/decisive-showdown-in-barcelona-omoda-4-makes-its-european-debut-as-cyber-mecha-takes-center-stage-at-vct-emea/,owensoundsuntimes.com,Canada,English
2026-09-01T10:41:55Z,20260831T081500Z,Apredeflación Aumenta Inversión,https://laverdad.com.mx/2026/08/apredeflacion-aumenta-inversion/,laverdad.com.mx,Mexico,Spanish
2026-09-01T10:41:55Z,20260831T080000Z,Decisive Showdown in Barcelona : OMODA 4 Makes Its European Debut as CYBER MECHA Takes Center Stage at VCT EMEA,https://www.standard-freeholder.com/press-releases/globe-newswire/decisive-showdown-in-barcelona-omoda-4-makes-its-european-debut-as-cyber-mecha-takes-center-stage-at-vct-emea/,standard-freeholder.com,Canada,English
2026-09-01T10:41:55Z,20260831T080000Z,Busisiwe Mavuso | Brazil deal exposes SA missing trade strategy,https://www.news24.com/business/opinion/busisiwe-mavuso-brazil-deal-exposes-sas-missing-trade-strategy-20260831-0428,news24.com,South Africa,English
2026-09-01T10:41:55Z,20260831T080000Z,特朗普关税砸向加拿大 ， 汽车巨头被迫百亿豪赌美国 - CFi . CN 中财网,http://www.cfi.net.cn/p20260831000675.html,cfi.net.cn,China,Chinese
2026-09-01T10:41:55Z,20260831T074500Z,Decisive Showdown in Barcelona : OMODA 4 Makes Its European Debut as CYBER MECHA Takes Center Stage at VCT EMEA,https://thestarphoenix.com/press-releases/globe-newswire/decisive-showdown-in-barcelona-omoda-4-makes-its-european-debut-as-cyber-mecha-takes-center-stage-at-vct-emea/,thestarphoenix.com,Canada,English
2026-09-01T10:41:55Z,20260831T071500Z,烟台黄渤海新区千企集聚千亿级产业 _ 光明网,https://tech.gmw.cn/2026-08/31/content_38976002.htm,tech.gmw.cn,China,Chinese
2026-09-01T10:41:55Z,20260831T071500Z,Decisive Showdown in Barcelona : OMODA 4 Makes Its European Debut as CYBER MECHA Takes Center Stage at VCT EMEA,https://www.intelligencer.ca/press-releases/globe-newswire/decisive-showdown-in-barcelona-omoda-4-makes-its-european-debut-as-cyber-mecha-takes-center-stage-at-vct-emea/,intelligencer.ca,Canada,English
2026-09-01T10:41:55Z,20260831T064500Z,英飞凌机器人头方案解析 ： 360° 环境感知背后的四大技术模块,https://finance.sina.com.cn/tech/roll/2026-08-31/doc-iniqetnt4710863.shtml,finance.sina.com.cn,China,Chinese
2026-09-01T10:41:55Z,20260831T061500Z,Parth Jindal appointed JSW MG Motor India Chairman,https://www.moneycontrol.com/automobile/parth-jindal-appointed-jsw-mg-motor-india-chairman-article-14018758.html,moneycontrol.com,India,English
2026-09-01T10:41:55Z,20260831T061500Z,顺丰牵头物流RFID应用新标准 ！ RFID在各行业应用继续深化 RFID会议下午场 - RFID新闻中心,https://www.rfidworld.com.cn/news/2608_73BA50C52AB759EC.html,rfidworld.com.cn,China,Chinese
2026-09-01T10:41:55Z,20260831T061500Z,大众入门电动车预计命名为ID . Up 将于2027年慕尼黑车展首发 _ 新车上市 _ 汽车 _ 中金在线,http://auto.cnfol.com/xincheshangshi/20260831/32354482.shtml,auto.cnfol.com,China,Chinese
2026-09-01T10:41:55Z,20260831T061500Z,POLITICAL WEEK AHEAD | Ramaphosa leads key events on youth jobs and innovation,https://www.businessday.co.za/news/2026-08-31-political-week-ahead-ramaphosa-leads-key-events-on-youth-jobs-and-innovation/,businessday.co.za,South Africa,English
2026-09-01T10:41:55Z,20260831T061500Z,Cina industria ancora in contrazione | cosa cambia per il Made in Italy dopo il +19 % dellexport,https://www.zazoom.it/2026-08-31/cina-industria-ancora-in-contrazione-cosa-cambia-per-il-made-in-italy-dopo-il-19-dellexport/19624044/,zazoom.it,Italy,Italian
2026-09-01T10:41:55Z,20260831T061500Z,FUTURUS位列ARHUD市场份额TOP3 ， 以全栈技术定义中国智能座舱新高度 _ 中华网,https://hea.china.com/articles/20260831/202608311954224.html,hea.china.com,China,Chinese
2026-09-01T10:41:55Z,20260831T060000Z,"Сырье для оружия ( Süddeutsche Zeitung , Германия ) ",https://inosmi.ru/20260831/evropa-279928921.html,inosmi.ru,Russia,Russian
2026-09-01T10:41:55Z,20260831T054500Z,Decisive Showdown in Barcelona : OMODA 4 Makes Its European Debut as CYBER MECHA Takes Center Stage at VCT EMEA,https://leaderpost.com/press-releases/globe-newswire/decisive-showdown-in-barcelona-omoda-4-makes-its-european-debut-as-cyber-mecha-takes-center-stage-at-vct-emea/,leaderpost.com,Canada,English
2026-09-01T10:41:55Z,20260831T054500Z,Söder sicher : Studie stellt EU - Regeln für Elektroautos infrage,https://www.kreiszeitung.de/wirtschaft/soeder-sicher-studie-stellt-eu-regeln-fuer-elektroautos-infrage-zr-94466976.html,kreiszeitung.de,Germany,German
2026-09-01T10:41:55Z,20260831T054500Z,Söder sicher : Studie stellt EU - Regeln für Elektroautos infrage,http://www.come-on.de/wirtschaft/soeder-sicher-studie-stellt-eu-regeln-fuer-elektroautos-infrage-zr-94466976.html,come-on.de,Germany,German
2026-09-01T10:41:55Z,20260831T053000Z,对话慧荣Alex Chou ： AI重塑存储周期 ， 主控解锁存力落地新路径,https://biz.zol.com.cn/1241/12412216.html,biz.zol.com.cn,China,Chinese
2026-09-01T10:41:55Z,20260831T051500Z,Söder sicher : Studie stellt EU - Regeln für Elektroautos infrage,http://www.kreisbote.de/wirtschaft/soeder-sicher-studie-stellt-eu-regeln-fuer-elektroautos-infrage-zr-94466976.html,kreisbote.de,Germany,German
2026-09-01T10:41:55Z,20260831T050000Z,Söder sicher : Studie stellt EU - Regeln für Elektroautos infrage,http://www.merkur.de/wirtschaft/soeder-sicher-studie-stellt-eu-regeln-fuer-elektroautos-infrage-zr-94466976.html,merkur.de,Germany,German
2026-09-01T10:41:55Z,20260831T050000Z,Söder sicher : Studie stellt EU - Regeln für Elektroautos infrage,http://www.az-online.de/wirtschaft/soeder-sicher-studie-stellt-eu-regeln-fuer-elektroautos-infrage-zr-94466976.html,az-online.de,Germany,German
2026-09-01T10:41:55Z,20260831T050000Z,信维通信与睿创微纳开展战略合作 推进卫星通信系统及终端产业化应用,https://www.stcn.com/article/detail/4165121.html,stcn.com,China,Chinese
2026-09-01T10:41:55Z,20260831T050000Z,Fast - growing sectors driving supply chain innovation,http://global.chinadaily.com.cn/a/202608/31/WS6a94d58ce4b06d4aa055b4de.html,global.chinadaily.com.cn,China,English
2026-09-01T10:41:55Z,20260831T044500Z,Decisive Showdown in Barcelona : OMODA 4 Makes Its European Debut as CYBER MECHA Takes Center Stage at VCT EMEA,https://www.recorder.ca/press-releases/globe-newswire/decisive-showdown-in-barcelona-omoda-4-makes-its-european-debut-as-cyber-mecha-takes-center-stage-at-vct-emea/,recorder.ca,Canada,English
2026-09-01T10:41:55Z,20260831T044500Z,Söder sicher : Studie stellt EU - Regeln für Elektroautos infrage,https://www.hna.de/wirtschaft/soeder-sicher-studie-stellt-eu-regeln-fuer-elektroautos-infrage-zr-94466976.html,hna.de,Germany,German
2026-09-01T10:41:55Z,20260831T044500Z,AI ・ 半導体時代の設計競争がEDA市場を加速 ―― 世界の電子設計自動化市場 、 2032年に353億米ドルへ,https://japan.cnet.com/release/31202678/,japan.cnet.com,Japan,Japanese
2026-09-01T10:41:55Z,20260831T041500Z,Decisive Showdown in Barcelona : OMODA 4 Makes Its European Debut as CYBER MECHA Takes Center Stage at VCT EMEA,https://www.manilatimes.net/2026/08/31/tmt-newswire/globenewswire/decisive-showdown-in-barcelona-omoda-4-makes-its-european-debut-as-cyber-mecha-takes-center-stage-at-vct-emea/2414826,manilatimes.net,Philippines,English
2026-09-01T10:41:55Z,20260831T041500Z,"Connected Car News : Mazda , AAA , HAAS Alert , Aeonsemi , BlackBerry , Hailo , Asahi Kasei , Celgard , BMW Group , Aptiv , Wind River & NVIDIA",https://www.autoconnectedcar.com/2026/08/connected-car-news-mazda-aaa-haas-alert-aeonsemi-blackberry-hailo-asahi-kasei-celgard-bmw-group-aptiv-wind-river-nvidia/,autoconnectedcar.com,United States,English
2026-09-01T10:41:55Z,20260831T041500Z,"EV , Battery & Charging News : Schneider Electric , Addionics , BTC POWER , Aptera Motors , BMW Group & Camel Group",https://www.autoconnectedcar.com/2026/08/ev-battery-charging-news-schneider-electric-addionics-btc-power-aptera-motors-bmw-group-camel-group/,autoconnectedcar.com,United States,English
2026-09-01T10:41:55Z,20260831T030000Z,"Stocks to Watch Today : HDFC Bank , Avantel , Cipla , Max Estates , Clean Max , Axiscades , Aurobindo Pharma , NBCC , Augmont Enterprises in focus on 31 August",https://www.moneycontrol.com/news/business/markets/stocks-to-watch-today-hdfc-bank-avantel-cipla-max-estates-clean-max-axiscades-aurobindo-pharma-nbcc-augmont-enterprises-in-focus-on-31-august-14018506.html,moneycontrol.com,India,English
2026-09-01T10:41:55Z,20260831T030000Z,中国新能源车如何改变南非人的购车选择 ？- 中新网,https://www.chinanews.com.cn/cj/2026/08-31/10686967.shtml,chinanews.com.cn,China,Chinese
2026-09-01T10:41:55Z,20260831T023000Z,Fast - growing sectors driving supply chain innovation,http://usa.chinadaily.com.cn/a/202608/31/WS6a94d58ce4b06d4aa055b4de.html,usa.chinadaily.com.cn,China,English
2026-09-01T10:41:55Z,20260831T023000Z,Fast - growing sectors driving supply chain innovation,http://europe.chinadaily.com.cn/a/202608/31/WS6a94d58ce4b06d4aa055b4de.html,europe.chinadaily.com.cn,China,English
2026-09-01T10:41:55Z,20260831T023000Z,  超级接口产业  崛起 ！ 引领了全球汽车行业的哪些新标准,https://baijiahao.baidu.com/s?id=1874952807361804203,baijiahao.baidu.com,China,Chinese
2026-09-01T10:41:55Z,20260831T020000Z,比亚迪滴滴合资公司被转卖 ， 信濠光电9 . 5亿接手,https://k.sina.com.cn/article_5953190046_162d6789e06703qocu.html,k.sina.com.cn,China,Chinese
2026-09-01T10:41:55Z,20260831T014500Z,"How Chinese NEVs gain ground in global markets , providing greener , smarter mobility",http://en.people.cn/n3/2026/0831/c90000-20493938.html,en.people.cn,China,English
2026-09-01T10:41:55Z,20260831T014500Z,デジタルミラーのパイオニアであるYFORE 、 北米でスマートミラーのフルラインナップを発表,https://www.chibanippo.co.jp/prwire/1660261,chibanippo.co.jp,Japan,Japanese
2026-09-01T10:41:55Z,20260831T011500Z,"How Chinese NEVs gain ground in global markets , providing greener , smarter mobility",https://www.globaltimes.cn/page/202608/1369401.shtml,globaltimes.cn,China,English
2026-09-01T10:41:55Z,20260831T011500Z,Sustainability in a smart packaging - The HinduBusinessLine,https://www.thehindubusinessline.com/specials/emerging-entrepreneurs/sustainability-in-a-smart-packaging/article71408730.ece,thehindubusinessline.com,India,English
2026-09-01T10:41:55Z,20260831T011500Z,What New Tariff Uncertainty Means for Rental Fleet Planning,https://www.autorentalnews.com/blogposts/what-new-tariff-uncertainty-means-for-rental-fleet-planning,autorentalnews.com,United States,English
2026-09-01T10:41:55Z,20260831T011500Z,"Export Development Canada expands tariff support program for Canadian businesses - WestCentralOnline : West Central Saskatchewan latest news , sports , weather , community events . ",https://westcentralonline.com/articles/export-development-canada-expands-tariff-support-program-for-canadian-businesses,westcentralonline.com,Canada,English
2026-09-01T10:41:55Z,20260831T000000Z,"Mech - Mind Robotics Technologies Co ., Ltd .: Mech - Mind Launches IPO : Baillie Gifford Leads 9 Top Cornerstone Investors , HK$2 . 7B for AI R & D & Global Commercialization",https://www.finanznachrichten.de/nachrichten-2026-08/69445602-mech-mind-robotics-technologies-co-ltd-mech-mind-launches-ipo-baillie-gifford-leads-9-top-cornerstone-investors-hk-dollar-2-7b-for-ai-r-d-global-comm-011.htm,finanznachrichten.de,Germany,English
2026-09-01T10:41:55Z,20260830T211500Z,Robotics Stocks To Consider – August 30th,https://www.tickerreport.com/banking-finance/13566669/robotics-stocks-to-consider-august-30th.html,tickerreport.com,United States,English
2026-09-01T10:41:55Z,20260830T210000Z,Robotics Stocks To Consider – August 30th,https://www.dailypolitical.com/2026/08/30/robotics-stocks-to-consider-august-30th.html,dailypolitical.com,United States,English
2026-09-01T10:41:55Z,20260830T201500Z,Lepas brings feline poise and new - energy ambition to the Festival of Motoring,https://www.roadsafety.co.za/2026-08/lepas-brings-feline-poise-and-new-energy-ambition-to-the-festival-of-motoring/,roadsafety.co.za,South Africa,English
2026-09-01T10:41:55Z,20260830T181500Z,عاجل .. 70 عامًا من الصداقة .. زيارة الرئيس الصينى إلى مصر بداية لمرحلة جديدة من التعاون الاستراتيجى,https://www.dostor.org/5686037,dostor.org,Egypt,Arabic
2026-09-01T10:41:55Z,20260830T180000Z,Automakers thought Canada was getting a trade deal . Then tariffs doubled . ,https://www.applevalleynewsnow.com/news/shareable-stories/automakers-thought-canada-was-getting-a-trade-deal-then-tariffs-doubled/article_2878aa1b-37f8-5dad-97c4-8713f409d527.html,applevalleynewsnow.com,,English
2026-09-01T10:41:55Z,20260830T163000Z,SEED Project : Lex - Secrétaire générale de la FIFA Fatma Samoura nommée présidente du Conseil dadministration,https://senego.com/seed-project-lex-secretaire-generale-de-la-fifa-fatma-samoura-nommee-presidente-du-conseil-dadministration_1998242.html,senego.com,Senegal,French
2026-09-01T10:41:55Z,20260830T151500Z,  超级接口产业  崛起 ！ 引领了全球汽车行业的哪些新标准 - 水母网,https://news.shm.com.cn/2026-08/30/content_5503565.htm,news.shm.com.cn,China,Chinese
2026-09-01T10:41:55Z,20260830T151500Z,  超级接口产业  崛起 ！ 引领了全球汽车行业的哪些新标准,https://baijiahao.baidu.com/s?id=1874952353719427956,baijiahao.baidu.com,China,Chinese
2026-09-01T10:41:55Z,20260830T151500Z,中国充电宝3C认证与额定容量深度调研 ： 102家样本的合规与容量实证观察 （ 2026 ）- 热点资讯 - ITBear科技资讯,https://www.itbear.com.cn/html/2026-08/1531859.html,itbear.com.cn,China,Chinese
2026-09-01T10:41:55Z,20260830T151500Z,"Fix supply chains to unlock manufacturing potential , stakeholders urged",https://www.standardmedia.co.ke/business/business/article/2001556554/fix-supply-chains-to-unlock-manufacturing-potential-stakeholders-urged,standardmedia.co.ke,Kenya,English
2026-09-01T10:41:55Z,20260830T151500Z,Analyzing DCC ( OTCMKTS : DCCPF ) and Brady ( NYSE : BRC ) ,https://www.themarketsdaily.com/2026/08/30/analyzing-dcc-otcmktsdccpf-and-brady-nysebrc.html,themarketsdaily.com,United States,English
2026-09-01T10:41:55Z,20260830T134500Z,"Global Times : How fresh dynamics , fierce competition reshape China auto market",https://www.prnewswire.com/news-releases/global-times-how-fresh-dynamics-fierce-competition-reshape-chinas-auto-market-302864390.html,prnewswire.com,United States,English
2026-09-01T10:41:55Z,20260830T130000Z,  超级接口产业  崛起 ！ 引领了全球汽车行业的哪些新标准|新能源汽车产业|电动汽车,https://www.163.com/news/article/L5JUI4GA000189FH.html,163.com,China,Chinese
2026-09-01T10:41:55Z,20260830T130000Z,"Gerbang Tol Sementara Cipeundeuy Mulai Bertarif , Pengguna Harus Siap Merogoh Kocek",https://koran-jakarta.com/2026-08-30/gerbang-tol-sementara-cipeundeuy-mulai-bertarif-pengguna-harus-siap-merogoh-kocek,koran-jakarta.com,Indonesia,Indonesian
2026-09-01T10:41:55Z,20260830T123000Z,من تجارة الجَلّابة إلى اقتصاد الحرب ثم اقتصاد السلام,https://sudanile.com/%D9%85%D9%86-%D8%AA%D8%AC%D8%A7%D8%B1%D8%A9-%D8%A7%D9%84%D8%AC%D9%8E%D9%84%D9%91%D8%A7%D8%A8%D8%A9-%D8%A5%D9%84%D9%89-%D8%A7%D9%82%D8%AA%D8%B5%D8%A7%D8%AF-%D8%A7%D9%84%D8%AD%D8%B1%D8%A8-%D8%AB%D9%85/,sudanile.com,Sudan,Arabic
2026-09-01T10:41:55Z,20260830T123000Z,2026上半年汽车业利润率3 . 4 %， 整车利润率1 . 5 % ,https://finance.sina.com.cn/tech/roll/2026-08-30/doc-iniqazcm2651738.shtml,finance.sina.com.cn,China,Chinese
2026-09-01T10:41:55Z,20260830T114500Z,"Hennessy Advisors Inc . Purchases 42 , 500 Shares of Sanmina Corporation $SANM",https://www.tickerreport.com/banking-finance/13566375/hennessy-advisors-inc-purchases-42500-shares-of-sanmina-corporation-sanm.html,tickerreport.com,United States,English
2026-09-01T10:41:55Z,20260830T114500Z,Карта спецоперации на Украине 30 августа,https://iz.ru/2157728/2026-08-30/karta-spetcoperatcii-na-ukraine-30-avgusta,iz.ru,Russia,Russian
2026-09-01T10:41:55Z,20260830T114500Z,Contrasting Intertek Group ( IKTSF ) & Its Competitors,https://www.themarketsdaily.com/2026/08/30/contrasting-intertek-group-iktsf-its-competitors.html,themarketsdaily.com,United States,English
2026-09-01T10:41:55Z,20260830T110000Z,"Director interests , buybacks and capital formation across SGX stocks",https://www.businesstimes.com.sg/companies-markets/director-interests-buybacks-and-capital-formation-across-sgx-stocks,businesstimes.com.sg,Singapore,English
2026-09-01T10:41:55Z,20260830T110000Z,联合动力从守正到拓新 ， 一场系统级话语权的卡位战,https://www.stcn.com/article/detail/4161825.html,stcn.com,China,Chinese
2026-09-01T10:41:55Z,20260830T110000Z,联合动力从守正到拓新 ， 一场系统级话语权的卡位战,https://www.163.com/dy/article/L5JOESOE053469RG.html,163.com,China,Chinese
2026-09-01T10:41:55Z,20260830T103000Z,台胞扎根湖南造新材料 ： 未来十年是不可错过的机遇期 - 中新网,https://www.chinanews.com.cn/txy/2026/08-30/10686848.shtml,chinanews.com.cn,China,Chinese
2026-09-01T10:41:55Z,20260830T100000Z,Nifty mega caps are going nowhere . Why Samco CIO Umesh Mehta put 75 % of his Flexicap fund beyond largecaps,https://economictimes.indiatimes.com/markets/stocks/news/nifty-mega-caps-are-going-nowhere-why-samco-cio-umesh-mehta-put-75-of-his-flexicap-fund-beyond-largecaps/articleshow/133626322.cms,economictimes.indiatimes.com,India,English
2026-09-01T10:41:55Z,20260830T100000Z,النائب سمير البيومي : 70 عامًا من العلاقات المصرية الصينية تفتح الطريق لشراكة اقتصادية أوسع,https://www.dostor.org/5685474,dostor.org,Egypt,Arabic
2026-09-01T10:41:55Z,20260830T090000Z,Минобороны сделало срочное заявление об ответе за удары по ТЭК России,https://aif.ru/politics/world/minoborony-sdelalo-srochnoe-zayavlenie-ob-otvete-za-udary-po-tek-rossii,aif.ru,Russia,Russian
2026-09-01T10:41:55Z,20260830T081500Z,"Fernando Cocho , analista de inteligencia :  Es obvio que el CNI informó al Gobierno de lo que podía ocurrir en Ceuta  ",https://www.20minutos.es/nacional/fernando-cocho-analista-inteligencia-es-obvio-que-cni-informo-gobierno-que-podia-ocurrir-ceuta_7029942_0.html,20minutos.es,Spain,Spanish
2026-09-01T10:41:55Z,20260830T074500Z,Sergio Ramos : Los empresarios de Gran Canaria no llevan sombrero de copa,https://www.canarias7.es/opinion/firmas/sergio-ramos-empresarios-gran-canaria-llevan-sombrero-copa-20260830070000-nt.html,canarias7.es,Spain,Spanish
2026-09-01T10:41:55Z,20260830T071500Z,Magna International ( NYSE : MGA ) Upgraded to  Strong - Buy  at Wall Street Zen,https://www.themarketsdaily.com/2026/08/30/magna-international-nysemga-upgraded-to-strong-buy-at-wall-street-zen.html,themarketsdaily.com,United States,English
2026-09-01T10:41:55Z,20260830T071500Z,"On long road back from Brexit , north - east recovery rides on survival of Nissan  shining star  plant | Nissan",https://www.theguardian.com/business/2026/aug/30/brexit-north-east-recovery-rides-survival-nissan-plant,theguardian.com,United Kingdom,English
2026-09-01T10:41:55Z,20260830T070000Z,Chinese automaker Jetour launches vehicles in Zimbabwe,https://www.newzimbabwe.com/chinese-automaker-jetour-launches-vehicles-in-zimbabwe/,newzimbabwe.com,Zimbabwe,English
2026-09-01T10:41:55Z,20260830T064500Z,"Detroit Has Taken The Wrong Fight Against Tesla And Is Missing The Insight , But 1961 Corvette Shows The Appetite For Real Cars Never Went Away",https://www.torquenews.com/1/detroit-has-taken-wrong-fight-tesla-and-missing-insight-1961-corvette-shows-appetite-real-cars,torquenews.com,United States,English
2026-09-01T10:41:55Z,20260830T030000Z,汽车业探索  生态出海  构建长效竞争力 - 新浪汽车,https://k.sina.com.cn/article_1699432410_654b47da02001vdwu.html,k.sina.com.cn,China,Chinese
2026-09-01T10:41:55Z,20260830T030000Z,China Flood Disasters Much Worse Than Beijing Admits,https://www.chiangraitimes.com/crime/chinas-flood-disasters/,chiangraitimes.com,Thailand,English
2026-09-01T10:41:55Z,20260830T010000Z,South Africa Bhisho cargo hub plan hits licensing snag - ch - aviation,https://www.ch-aviation.com/news/170996-south-africas-bhisho-cargo-hub-plan-hits-licensing-snag,ch-aviation.com,United States,English
2026-09-01T10:41:55Z,20260830T003000Z,China Knowledge - Intensive Service Exports Drive Strong Economic Growth Worldwide,https://www.alwihdainfo.com/chinas-knowledge-intensive-service-exports-drive-strong-economic-growth-worldwide/,alwihdainfo.com,China,English
2026-09-01T10:41:55Z,20260830T003000Z,新能源汽车产业崛起 ， 定义汽车新标准,https://baijiahao.baidu.com/s?id=1874904490339490739,baijiahao.baidu.com,China,Chinese
2026-09-01T10:41:55Z,20260829T233000Z,Tesla Stock in 2027 : Why I Think TSLA Still Has Room to Run,https://www.aol.com/articles/tesla-stock-2027-why-think-215000000.html,aol.com,United States,English
2026-09-01T10:41:55Z,20260829T224500Z,新能源汽车产业崛起 ， 定义汽车新标准,https://www.163.com/dy/article/L5IDV4760514R9M0.html,163.com,China,Chinese
2026-09-01T10:41:55Z,20260829T221500Z,Tesla Stock in 2027 : Why I Think TSLA Still Has Room to Run,https://finance.yahoo.com/markets/stocks/articles/tesla-stock-2027-why-think-215000498.html,finance.yahoo.com,United States,English
2026-09-01T10:41:55Z,20260829T213000Z,"I Spent a Week With the 262 - Mile 2027 Chevy Bolt and Liked It More Than I Expected , but GM Is Killing It Again Next Year",https://www.torquenews.com/1/critics-say-killing-260-mile-2027-bolt-makes-no-sense-after-new-lfp-battery-defenders-say-gm-had,torquenews.com,United States,English
2026-09-01T10:41:55Z,20260829T193000Z,Amazon idealism vs real estate reality,https://www.thestar.com.my/business/business-news/2026/08/30/amazons-idealism-vs-real-estate-reality,thestar.com.my,Malaysia,English
2026-09-01T10:41:55Z,20260829T171500Z,The Toyota SUV That Feels More Expensive Than It Really Is,https://www.topspeed.com/toyota-suv-feels-expensive/,topspeed.com,United States,English
2026-09-01T10:41:55Z,20260829T171500Z,"Tesla Is Hyping Cybercab Austin Launch , But There Is a Drama Online , And It the Gap Between The Hype and The Current Service Messy Reality",https://www.torquenews.com/1/tesla-hyping-cybercab-s-ausin-launch-there-drama-online-and-it-s-gap-between-hype-and-current,torquenews.com,United States,English
2026-09-01T10:41:55Z,20260829T163000Z,Chinese automaker Jetour launches vehicles in Zimbabwe,http://www.zimbabwestar.com/news/279273193/chinese-automaker-jetour-launches-vehicles-in-zimbabwe,zimbabwestar.com,Zimbabwe,English
2026-09-01T10:41:55Z,20260829T163000Z,宁德上半年利润相当于比亚迪+奇瑞+一汽+上汽总和 ： 车企整车利润率只有1 . 5 % ,https://finance.sina.com.cn/tech/roll/2026-08-30/doc-inipzhum8833584.shtml,finance.sina.com.cn,China,Chinese
2026-09-01T10:41:55Z,20260829T163000Z,How delayed standards harmonisation threatens Africa trade ambitions,https://www.standardmedia.co.ke/business/article/2001556500/how-delayed-standards-harmonisation-threatens-africa-s-trade-ambitions,standardmedia.co.ke,Kenya,English
2026-09-01T10:41:55Z,20260829T154500Z,زيارة الرئيس الصيني لمصر .. مكاسب اقتصادية مرتقبة تعزز الاستثمار والصناعة وتفتح أسواقا جديدة للتصدير,https://www.dostor.org/5684826,dostor.org,Egypt,Arabic
2026-09-01T10:41:55Z,20260829T134500Z,成都车展观察｜捷达M6热度飙高 、 奕境X9预售火爆 ！ 成都造  军团迎来收获期 _ 新浪科技 _ 新浪网,https://finance.sina.com.cn/tech/roll/2026-08-29/doc-inipywem3532640.shtml,finance.sina.com.cn,China,Chinese
2026-09-01T10:41:55Z,20260829T134500Z,Chinese automaker Jetour launches vehicles in Zimbabwe - Xinhua,https://english.news.cn/africa/20260829/bcbbbcc20bdc4f7596a28be57239b4f4/c.html,english.news.cn,,English
2026-09-01T10:41:55Z,20260829T133000Z,成都车展观察｜捷达M6热度飙高 、 奕境X9预售火爆 ！ 成都造  军团迎来收获期 - 新浪汽车,https://k.sina.com.cn/article_5953466437_162dab0450670bamlm.html,k.sina.com.cn,China,Chinese
2026-09-01T10:41:55Z,20260829T133000Z,"August 2026 Lunar Eclipse : Can India See It ? Check Date , Timing And Visibility Across The Country",https://www.newsx.com/space-and-science/august-2026-lunar-eclipse-can-india-see-it-check-date-timing-and-visibility-across-the-country-266137/,newsx.com,India,English
2026-09-01T10:41:55Z,20260829T133000Z,"Peyman Kargar Jadi CEO Baru TVS Motor Company , Siap Pacu Ekspansi Global",https://www.jawapos.com/otomotif/2608290366/peyman-kargar-jadi-ceo-baru-tvs-motor-company-siap-pacu-ekspansi-global,jawapos.com,Indonesia,Indonesian
2026-09-01T10:41:55Z,20260829T131500Z,"TVS Motor appoints Peyman Kargar as CEO , K . N . Radhakrishnan to step down",https://www.afaqs.com/people-spotting/tvs-motor-appoints-peyman-kargar-as-ceo-k-n-radhakrishnan-to-step-down-12451097,afaqs.com,India,English
2026-09-01T10:41:55Z,20260829T123000Z,A Revolution in Roofing : The Six - Layer Science Behind India First CFR Hybrid Roof,http://www.laosnews.net/news/279272951/a-revolution-in-roofing-the-six-layer-science-behind-india-first-cfr-hybrid-roof,laosnews.net,United States,English
2026-09-01T10:41:55Z,20260829T121500Z,A Revolution in Roofing : The Six - Layer Science Behind India First CFR Hybrid Roof,http://www.nepalnational.com/news/279272951/a-revolution-in-roofing-the-six-layer-science-behind-india-first-cfr-hybrid-roof,nepalnational.com,Nepal,English
2026-09-01T10:41:55Z,20260829T120000Z,Amid Trump tariff threat : Keep calm . Keep making cars,https://www.therecord.com/business/trumps-50-auto-tariff-threat-is-pure-theatre--but-the-collateral-damage-is-already-real/article_b61cac69-0898-5cb3-825f-60d30f4220eb.html,therecord.com,Canada,English
2026-09-01T10:41:55Z,20260829T093000Z,Petróleo caro impulsiona vendas de carros elétricos - 29 / 08 / 2026 - Economia,https://www1.folha.uol.com.br/mercado/2026/08/alta-do-petroleo-impulsiona-venda-de-carros-eletricos-no-mundo.shtml,folha.uol.com.br,Brazil,Portuguese
2026-09-01T10:41:55Z,20260829T081500Z,小米玄戒O3支持长鑫LPDDR6 国产内存首发商用 _ 新闻频道 _ 中华网,https://news.china.com/socialgd/10000169/20260829/49706864.html,news.china.com,China,Chinese
2026-09-01T10:41:55Z,20260829T081500Z,"India Tyre Exports Rise 16 % to Rs 7 , 700 Crore in June Quarter",https://dailypioneer.com/news/indias-tyre-exports-rise-16-in-q1-to-rs-7700-crore-despite-global-headwinds-says-atma,dailypioneer.com,India,English
2026-09-01T10:41:55Z,20260829T071500Z,Volkswagen celebrates 75 years in SA in Kariega,https://stfrancischronicle.com/2026/08/29/volkswagen-celebrates-75-years-in-sa-in-kariega/,stfrancischronicle.com,South Africa,English
2026-09-01T10:41:55Z,20260829T070000Z,湘伴丨硬核株洲 ， 把  上太空  的价格打下来 - 要闻 - 湖南在线,https://hunan.voc.com.cn/news/202608/33613460.html,hunan.voc.com.cn,China,Chinese
2026-09-01T10:41:55Z,20260829T070000Z,Termine und Veranstaltungen der Gesprächskreise,https://www.nachdenkseiten.de/?p=155540,nachdenkseiten.de,Germany,German
2026-09-01T10:41:55Z,20260829T064500Z,Kampala Ganyegenya crackdown triggers rush to repair taxis,https://www.independent.co.ug/kampalas-ganyegenya-crackdown-triggers-rush-to-repair-taxis/,independent.co.ug,Uganda,English
2026-09-01T10:41:55Z,20260829T061500Z,台湾印度次长级经贸会议 深化产业供应链合作,https://www.epochtimes.com/gb/26/8/29/n14838906.htm,epochtimes.com,China,Chinese
2026-09-01T10:41:55Z,20260829T054500Z,工信部曝光新能源汽车生产一致性违规案例 ， 涉头部新能源乘用车企,https://k.sina.com.cn/article_5953466437_162dab0450670bald0.html,k.sina.com.cn,China,Chinese
2026-09-01T10:41:55Z,20260829T054500Z,"BYD sees export surge , yet H1 2026 sales hit by second - gen Blade Battery shortages",https://carnewschina.com/2026/08/29/byd-sees-export-surge-yet-h1-2026-sales-hit-by-second-gen-blade-battery-shortages/,carnewschina.com,China,English
2026-09-01T10:41:55Z,20260829T043000Z,"Tech M & A deals : Integrate , CaliberMind , Numa , SocketTime , Echo , Minimus",https://infotechlead.com/analytics/tech-ma-deals-integrate-calibermind-numa-sockettime-echo-minimus-98047,infotechlead.com,India,English
2026-09-01T10:41:55Z,20260829T043000Z,"Tech M & A deals : DigitalBridge , Pinewood Technologies , Flipboard , Graze , Taptap Digital , Skyrise",https://infotechlead.com/analytics/tech-ma-deals-digitalbridge-pinewood-technologies-flipboard-graze-taptap-digital-skyrise-98045,infotechlead.com,India,English
2026-09-01T10:41:55Z,20260829T041500Z,Competition Commission targets electronics repair market,https://www.businessday.co.za/business-times/2026-08-29-competition-commission-targets-electronics-repair-market/,businessday.co.za,South Africa,English
2026-09-01T10:41:55Z,20260829T041500Z,Tougher safety rules coming for new vehicles,https://www.businessday.co.za/business-times/2026-08-29-tougher-safety-rules-coming-for-new-vehicles/,businessday.co.za,South Africa,English
2026-09-01T10:41:55Z,20260829T033000Z,Competition Commission targets electronics repair market,https://www.timeslive.co.za/news/business/2026-08-29-competition-commission-targets-electronics-repair-market/,timeslive.co.za,South Africa,English
2026-09-01T10:41:55Z,20260829T033000Z,Tougher safety rules coming for new vehicles,https://www.timeslive.co.za/news/business/2026-08-29-tougher-safety-rules-coming-for-new-vehicles/,timeslive.co.za,South Africa,English
2026-09-01T10:41:55Z,20260829T033000Z,甬江潮丨三千亿制造 ， 喂  出四路AI金刚,https://baijiahao.baidu.com/s?id=1874825472135043785,baijiahao.baidu.com,China,Chinese
2026-09-01T10:41:55Z,20260829T031500Z,工信部曝光一批新能源汽车监督检查典型案例,https://baijiahao.baidu.com/s?id=1874759751491909954,baijiahao.baidu.com,China,Chinese
2026-09-01T10:41:55Z,20260829T024500Z,"Bukan Mobil , Truk Listrik Kini Dibidik untuk Angkut Sawit",https://www.viva.co.id/otomotif/1924771-bukan-mobil-truk-listrik-kini-dibidik-untuk-angkut-sawit,viva.co.id,Indonesia,Indonesian
2026-09-01T10:41:55Z,20260829T024500Z, « القاهرة - بكين ».. « شراكة استراتيجية وصداقة 70 عامًا » ,https://www.almasryalyoum.com/news/details/4347843,almasryalyoum.com,Egypt,Arabic
2026-09-01T10:41:55Z,20260829T023000Z,Why America Still Cannot Shake India Export Machine,https://www.dailyexcelsior.com/why-america-still-cannot-shake-indias-export-machine/,dailyexcelsior.com,India,English
2026-09-01T10:41:55Z,20260829T021500Z,深耕全球物流网络 ， 建发股份以创新方案破解跨境供应链痛点,https://www.nbd.com.cn/articles/2026-08-29/4565772.html,nbd.com.cn,China,Chinese
2026-09-01T10:41:55Z,20260829T021500Z,Menteri LH Pastikan Industri Kendaraan Listrik Dukung Ekonomi Rendah Karbon,https://rri.co.id/nasional/2688636/menteri-lh-pastikan-industri-kendaraan-listrik-dukung-ekonomi-rendah-karbon,rri.co.id,Indonesia,Indonesian
2026-09-01T10:41:55Z,20260829T014500Z,Afrique : La Chine dévoile sa stratégie sur les batteries et le Maroc prend la tête alors que BYD vise lAfrique du Sud,https://www.infosplusgabon.com/index.php?view=article&id=32210:2026-08-28-22-36-46&tmpl=component&print=1&layout=default&page=,infosplusgabon.com,Gabon,French
2026-09-01T10:41:55Z,20260829T014500Z,"Trump trade : Alberta Smith , Kenney differ on counter - tariffs",https://www.cp24.com/news/canada/2026/08/29/albertas-current-former-premiers-offer-contradicting-views-on-us-counter-tariffs/,cp24.com,Canada,English
2026-09-01T10:41:55Z,20260828T233000Z,Trump trade : Canada brands rally for Lake Ontario . Live updates . ,https://www.bnnbloomberg.ca/tariffs/2026/08/28/albertas-current-former-premiers-offer-contradicting-views-on-us-counter-tariffs-live-updates-here/,bnnbloomberg.ca,Canada,English
2026-09-01T10:41:55Z,20260828T220000Z,Trump trade : Canada brands rally for Lake Ontario . Live updates . ,https://www.bnnbloomberg.ca/tariffs/2026/08/28/trump-awards-medal-to-jeremy-hansen-while-canadian-businesses-look-away-from-the-us-live-updates-here/,bnnbloomberg.ca,Canada,English
2026-09-01T10:41:55Z,20260828T213000Z,Auta będą mieć więcej plastiku z odzysku . Unia wymusza zmiany w recyklingu,"https://www.wnp.pl/przemysl/auta-beda-miec-wiecej-plastiku-z-odzysku-unia-wymusza-zmiany-w-recyklingu,1093596.html",wnp.pl,Poland,Polish
2026-09-01T10:41:55Z,20260828T211500Z,Could Toyota Motor ( TM ) Hybrid Boom Finally Put General Motors ( GM ) U . S . Sales Crown at Risk ? ,https://www.insidermonkey.com/blog/could-toyota-motor-tms-hybrid-boom-finally-put-general-motors-gms-u-s-sales-crown-at-risk-1823210/,insidermonkey.com,United States,English
2026-09-01T10:41:55Z,20260828T211500Z,NXP Semiconductors Announces Quarterly Dividend,https://www.manilatimes.net/2026/08/29/tmt-newswire/globenewswire/nxp-semiconductors-announces-quarterly-dividend/2414374,manilatimes.net,Philippines,English
2026-09-01T10:41:55Z,20260828T211500Z,What Is Just in Time Inventory and How Does It Work ? ,https://smallbiztrends.com/just-in-time-inventory/,smallbiztrends.com,United States,English
2026-09-01T10:41:55Z,20260828T210000Z,Industri Kendaraan Listrik Bantu Indonesia Kejar Net Zero Emisi 2060,https://jateng.harianjogja.com/r-1269147/industri-kendaraan-listrik-bantu-indonesia-kejar-net-zero-emisi-2060,jateng.harianjogja.com,Indonesia,Indonesian
2026-09-01T10:41:55Z,20260828T200000Z,Le gouvernement du Canada investit dans Xanadu pour renforcer la fabrication de pointe dans le secteur quantique au Canada,https://www.lesaffaires.com/communique-de-presse/le-gouvernement-du-canada-investit-dans-xanadu-pour-renforcer-la-fabrication-de-pointe-dans-le-secteur-quantique-au-canada/,lesaffaires.com,Canada,French
2026-09-01T10:41:55Z,20260828T184500Z,"TVS Motor appoints Peyman Kargar as its new CEO , director",http://www.oklahomacitysun.com/news/279271316/tvs-motor-appoints-peyman-kargar-as-its-new-ceo-director,oklahomacitysun.com,United States,English
2026-09-01T10:41:55Z,20260828T184500Z,Lake Ontario : Fierce reaction to Trump renaming . Live updates . ,https://www.bnnbloomberg.ca/tariffs/2026/08/28/canadian-businesses-look-away-from-the-us-amid-trade-war-as-economy-grows-live-updates-here/,bnnbloomberg.ca,Canada,English
2026-09-01T10:41:55Z,20260828T184500Z,"TVS Motor appoints Peyman Kargar as its new CEO , director",http://www.pakistantelegraph.com/news/279271316/tvs-motor-appoints-peyman-kargar-as-its-new-ceo-director,pakistantelegraph.com,Pakistan,English
2026-09-01T10:41:55Z,20260828T183000Z,"TVS Motor appoints Peyman Kargar as its new CEO , director",http://www.batonrougepost.com/news/279271316/tvs-motor-appoints-peyman-kargar-as-its-new-ceo-director,batonrougepost.com,United States,English
2026-09-01T10:41:55Z,20260828T183000Z,"TVS Motor appoints Peyman Kargar as its new CEO , director",http://www.trinidadtimes.com/news/279271316/tvs-motor-appoints-peyman-kargar-as-its-new-ceo-director,trinidadtimes.com,Trinidad and Tobago,English
2026-09-01T10:41:55Z,20260828T183000Z,"Ferroglobe Eyes Critical Materials , Venezuela Restart as Europe Struggles",https://finance.yahoo.com/markets/stocks/articles/ferroglobe-eyes-critical-materials-venezuela-080212086.html,finance.yahoo.com,United States,English
2026-09-01T10:41:55Z,20260828T183000Z,"TVS Motor appoints Peyman Kargar as its new CEO , director",http://www.shanghainews.net/news/279271316/tvs-motor-appoints-peyman-kargar-as-its-new-ceo-director,shanghainews.net,China,English
2026-09-01T10:41:55Z,20260828T181500Z,"TVS Motor appoints Peyman Kargar as its new CEO , director",http://www.europesun.com/news/279271316/tvs-motor-appoints-peyman-kargar-as-its-new-ceo-director,europesun.com,Russia,English
2026-09-01T10:41:55Z,20260828T181500Z,"TVS Motor appoints Peyman Kargar as its new CEO , director",http://www.taiwansun.com/news/279271316/tvs-motor-appoints-peyman-kargar-as-its-new-ceo-director,taiwansun.com,China,English
2026-09-01T10:41:55Z,20260828T181500Z,"TVS Motor appoints Peyman Kargar as its new CEO , director",http://www.neworleanssun.com/news/279271316/tvs-motor-appoints-peyman-kargar-as-its-new-ceo-director,neworleanssun.com,United States,English
2026-09-01T10:41:55Z,20260828T181500Z,"TVS Motor appoints Peyman Kargar as its new CEO , director",http://www.newyorktelegraph.com/news/279271316/tvs-motor-appoints-peyman-kargar-as-its-new-ceo-director,newyorktelegraph.com,United States,English
2026-09-01T10:41:55Z,20260828T181500Z,"TVS Motor appoints Peyman Kargar as its new CEO , director",http://www.myanmarnews.net/news/279271316/tvs-motor-appoints-peyman-kargar-as-its-new-ceo-director,myanmarnews.net,Myanmar,English
2026-09-01T10:41:55Z,20260828T181500Z,"TVS Motor appoints Peyman Kargar as its new CEO , director",http://www.cincinnatisun.com/news/279271316/tvs-motor-appoints-peyman-kargar-as-its-new-ceo-director,cincinnatisun.com,United States,English
2026-09-01T10:41:55Z,20260828T180000Z,India Manufacturing Majors : The Companies Building at Scale,https://www.businesstoday.in/magazine/deep-dive/story/indias-manufacturing-majors-the-companies-building-at-scale-551718-2026-08-28,businesstoday.in,India,English
2026-09-01T10:41:55Z,20260828T174500Z,"TVS Motor appoints Peyman Kargar as its new CEO , director",http://www.coloradostar.com/news/279271316/tvs-motor-appoints-peyman-kargar-as-its-new-ceo-director,coloradostar.com,United States,English
2026-09-01T10:41:55Z,20260828T174500Z, [ 中报 ] 英搏尔 ( 300681 ): 2026年半年度报告 - CFi . CN 中财网,http://www.cfi.net.cn/p20260829001594.html,cfi.net.cn,China,Chinese
2026-09-01T10:41:55Z,20260828T174500Z,"TVS Motor appoints Peyman Kargar as its new CEO , director",http://www.oklahomastar.com/news/279271316/tvs-motor-appoints-peyman-kargar-as-its-new-ceo-director,oklahomastar.com,United States,English
2026-09-01T10:41:55Z,20260828T174500Z,"TVS Motor appoints Peyman Kargar as its new CEO , director",http://www.newzealandstar.com/news/279271316/tvs-motor-appoints-peyman-kargar-as-its-new-ceo-director,newzealandstar.com,New Zealand,English
2026-09-01T10:41:55Z,20260828T174500Z,英搏尔 ( 300681 ): 质量回报双提升  行动方案的进展公告 - CFi . CN 中财网,http://www.cfi.net.cn/p20260829001587.html,cfi.net.cn,China,Chinese
2026-09-01T10:41:55Z,20260828T174500Z,Detroit Live | FOX 2 Detroit,https://www.fox2detroit.com/tag/news/detroit-live,fox2detroit.com,United States,English
2026-09-01T10:41:55Z,20260828T174500Z,"TVS Motor appoints Peyman Kargar as its new CEO , director",http://www.argentinastar.com/news/279271316/tvs-motor-appoints-peyman-kargar-as-its-new-ceo-director,argentinastar.com,Argentina,English
2026-09-01T10:41:55Z,20260828T174500Z,"TVS Motor appoints Peyman Kargar as its new CEO , director",http://www.mainemirror.com/news/279271316/tvs-motor-appoints-peyman-kargar-as-its-new-ceo-director,mainemirror.com,United States,English
2026-09-01T10:41:55Z,20260828T174500Z,"TVS Motor appoints Peyman Kargar as its new CEO , director",http://www.utahindependent.com/news/279271316/tvs-motor-appoints-peyman-kargar-as-its-new-ceo-director,utahindependent.com,United States,English
2026-09-01T10:41:55Z,20260828T174500Z,"TVS Motor appoints Peyman Kargar as its new CEO , director",http://www.floridastatesman.com/news/279271316/tvs-motor-appoints-peyman-kargar-as-its-new-ceo-director,floridastatesman.com,United States,English
2026-09-01T10:41:55Z,20260828T171500Z,السفير المصرى الأسبق لدى بكين : زيارة الرئيس الصينى « تاريخية » وتكرس الشراكة الاستراتيجية الشاملة بين البلدين,https://www.dostor.org/5683903,dostor.org,Egypt,Arabic
2026-09-01T10:41:55Z,20260828T171500Z,"China automakers target South Africa EV buyers , pickup market at auto show",https://www.cnbcafrica.com/2026/china-automakers-target-south-africas-ev-buyers-pickup-market-at-auto-show,cnbcafrica.com,South Africa,English
2026-09-01T10:41:55Z,20260828T171500Z,"TVS Motor appoints Peyman Kargar as its new CEO , director",http://www.zimbabwestar.com/news/279271316/tvs-motor-appoints-peyman-kargar-as-its-new-ceo-director,zimbabwestar.com,Zimbabwe,English
2026-09-01T10:41:55Z,20260828T171500Z,A közpénz máshol is elveszti közpénz jellegét – milyen a világ pénzeltüntető rendszere ? ,https://hu.euronews.com/2026/08/28/a-kozpenz-mashol-is-elveszti-kozpenz-jelleget-milyen-a-vilag-penzeltunteto-rendszere,hu.euronews.com,United States,Hungarian
2026-09-01T10:41:55Z,20260828T171500Z,Lake Ontario : Fierce reaction to Trump renaming . Live updates . ,https://www.bnnbloomberg.ca/tariffs/2026/08/28/height-of-insanity-backlash-grows-after-trumps-lake-ontario-renaming-live-updates-here/,bnnbloomberg.ca,Canada,English
2026-09-01T10:41:55Z,20260828T163000Z,"TVS Motor appoints Peyman Kargar as its new CEO , director",http://www.irishsun.com/news/279271316/tvs-motor-appoints-peyman-kargar-as-its-new-ceo-director,irishsun.com,Ireland,English
2026-09-01T10:41:55Z,20260828T163000Z,"TVS Motor appoints Peyman Kargar as its new CEO , director",http://www.newyorkstatesman.com/news/279271316/tvs-motor-appoints-peyman-kargar-as-its-new-ceo-director,newyorkstatesman.com,United States,English
2026-09-01T10:41:55Z,20260828T163000Z,"TVS Motor appoints Peyman Kargar as its new CEO , director",http://www.afghanistannews.net/news/279271316/tvs-motor-appoints-peyman-kargar-as-its-new-ceo-director,afghanistannews.net,Afghanistan,English
2026-09-01T10:41:55Z,20260828T163000Z, [ 担保 ] 汉嘉数智 ( 300746 ): 转让控股子公司部分股权暨被动形成关联担保及关联财务资助 - CFi . CN 中财网,http://www.cfi.net.cn/p20260829000084.html,cfi.net.cn,China,Chinese
2026-09-01T10:41:55Z,20260828T163000Z,"TVS Motor appoints Peyman Kargar as its new CEO , director",http://www.tucsonpost.com/news/279271316/tvs-motor-appoints-peyman-kargar-as-its-new-ceo-director,tucsonpost.com,United States,English
2026-09-01T10:41:55Z,20260828T161500Z,  我们不是汽车公司  296 家汽车产业公司的年报改写运动|储能|锂电|机器人,https://www.163.com/dy/article/L5F549RA0531M1CO.html,163.com,China,Chinese
2026-09-01T10:41:55Z,20260828T161500Z,"TVS Motor appoints Peyman Kargar as its new CEO , director",http://www.britainnews.net/news/279271316/tvs-motor-appoints-peyman-kargar-as-its-new-ceo-director,britainnews.net,United Kingdom,English
2026-09-01T10:41:55Z,20260828T161500Z,"Lagos , Thailand Seek Deeper Economic Ties , Investment",https://punchng.com/lagos-thailand-seek-deeper-economic-ties-investment-partnerships/,punchng.com,Nigeria,English
2026-09-01T10:41:55Z,20260828T161500Z,"TVS Motor appoints Peyman Kargar as its new CEO , director",http://www.mexicostar.com/news/279271316/tvs-motor-appoints-peyman-kargar-as-its-new-ceo-director,mexicostar.com,Mexico,English
2026-09-01T10:41:55Z,20260828T160000Z,"TVS Motor appoints Peyman Kargar as its new CEO , director",http://www.chinanationalnews.com/news/279271316/tvs-motor-appoints-peyman-kargar-as-its-new-ceo-director,chinanationalnews.com,China,English
2026-09-01T10:41:55Z,20260828T160000Z,Trump tariffs : How GTA mayoral candidates are fighting back,https://www.cp24.com/local/toronto/2026/08/28/what-these-gta-mayoral-candidates-are-promising-to-help-fight-us-tariffs/,cp24.com,Canada,English
2026-09-01T10:41:55Z,20260828T160000Z,Lake Ontario : Fierce reaction to Trump renaming . Live updates . ,https://www.cp24.com/news/canada/2026/08/28/lake-ontario-then-now-and-always-backlash-grows-after-trumps-renaming-live-updates-here/,cp24.com,Canada,English
2026-09-01T10:41:55Z,20260828T160000Z,"Dari Magelang , Kadin Dorong Industri Kendaraan Listrik Indonesia Naik Kelas",https://jogja.tribunnews.com/jawa/1221723/dari-magelang-kadin-dorong-industri-kendaraan-listrik-indonesia-naik-kelas,jogja.tribunnews.com,Indonesia,Indonesian
2026-09-01T10:41:55Z,20260828T160000Z,GM Europe : Luca Patrignani übernimmt Führung,https://www.autohaus.de/nachrichten/autohandel/gm-europe-luca-patrignani-uebernimmt-fuehrung-3896616,autohaus.de,Germany,German
2026-09-01T10:41:55Z,20260828T160000Z,"TVS Motor appoints Peyman Kargar as its new CEO , director",http://www.caribbeanherald.com/news/279271316/tvs-motor-appoints-peyman-kargar-as-its-new-ceo-director,caribbeanherald.com,United States,English
2026-09-01T10:41:55Z,20260828T160000Z,TVS Motor Company picks French automotive veteran Peyman Kargar as next CEO,https://www.thehindubusinessline.com/companies/tvs-motor-company-picks-french-automotive-veteran-peyman-kargar-as-next-ceo/article71400892.ece,thehindubusinessline.com,India,English
2026-09-01T10:41:55Z,20260828T154500Z,"TVS Motor appoints Peyman Kargar as its new CEO , director",http://www.sierraleonetimes.com/news/279271316/tvs-motor-appoints-peyman-kargar-as-its-new-ceo-director,sierraleonetimes.com,Sierra Leone,English
2026-09-01T10:41:55Z,20260828T154500Z,"Pablo Sibilla , CEO de Renault Argentina : el lanzamiento de su nueva pickup , la presión impositiva y qué le falta al país para mejorar la competitividad",https://www.lanacion.com.ar/autos/pablo-sibilla-ceo-de-renault-argentina-el-lanzamiento-de-su-nueva-pickup-la-presion-impositiva-y-que-nid28082026/,lanacion.com.ar,Argentina,Spanish
2026-09-01T10:41:55Z,20260828T154500Z,"TVS Motor appoints Peyman Kargar as its new CEO , director",http://www.birminghamstar.com/news/279271316/tvs-motor-appoints-peyman-kargar-as-its-new-ceo-director,birminghamstar.com,United States,English
2026-09-01T10:41:55Z,20260828T150000Z,خبراء لـ « الدستور »: زيارة الرئيس الصيني تعزز الاستثمارات وتدعم الصناعة والتصدير وتوسع الشراكة الاقتصادية,https://www.dostor.org/5683766,dostor.org,Egypt,Arabic
2026-09-01T10:41:55Z,20260828T150000Z, [ Gasgoo News ] XPENG announces entry into key road validation for driverless driving ; Voyah first - half revenue reaches 18 . 16 billion yuan,https://autonews.gasgoo.com/articles/market-industry/gasgoo-news-xpeng-announces-entry-into-key-road-validation-for-driverless-driving-voyahs-first-half-revenue-reaches-1816-billion-yuan-2093331210062618625,autonews.gasgoo.com,China,English
2026-09-01T10:41:55Z,20260828T150000Z,Dunlop Tires North America Examines California Tire Rolling Resistance Mandate,https://www.moderntiredealer.com/suppliers/news/55401445/dunlop-tires-north-america-examines-californias-tire-rolling-resistance-mandate,moderntiredealer.com,United States,English
2026-09-01T10:41:55Z,20260828T150000Z,"TVS Motor appoints Peyman Kargar as its new CEO , director",http://www.israelherald.com/news/279271316/tvs-motor-appoints-peyman-kargar-as-its-new-ceo-director,israelherald.com,Israel,English
2026-09-01T10:41:55Z,20260828T150000Z,"TVS Motor appoints Peyman Kargar as its new CEO , director",http://www.orlandoecho.com/news/279271316/tvs-motor-appoints-peyman-kargar-as-its-new-ceo-director,orlandoecho.com,United States,English
2026-09-01T10:41:55Z,20260828T150000Z,"TVS Motor appoints Peyman Kargar as its new CEO , director",http://www.haitisun.com/news/279271316/tvs-motor-appoints-peyman-kargar-as-its-new-ceo-director,haitisun.com,United States,English
2026-09-01T10:41:55Z,20260828T150000Z,Peyman Kargar named next Chief Executive Officer of TVS Motor Company,https://www.newindianexpress.com/business/2026/Aug/28/peyman-kargar-named-next-chief-executive-officer-of-tvs-motor-company,newindianexpress.com,India,English
2026-09-01T10:41:55Z,20260828T150000Z,Ibovespa hoje : acompanhe em tempo real a Bolsa de Valores,https://www.infomoney.com.br/mercados/ibovespa-hoje-bolsa-de-valores-ao-vivo-28082026/,infomoney.com.br,Brazil,Portuguese
2026-09-01T10:41:55Z,20260828T144500Z,"TVS Motor appoints Peyman Kargar as its new CEO , director",http://www.texasguardian.com/news/279271316/tvs-motor-appoints-peyman-kargar-as-its-new-ceo-director,texasguardian.com,United States,English
2026-09-01T10:41:55Z,20260828T133000Z,APO Group - Africa Newsroom / Press release | South Africa : President Ramaphosa to address Volkswagen Group Africa 75th Anniversary Dinner,https://www.africa-newsroom.com/press/south-africa-president-ramaphosa-to-address-volkswagen-group-africa-75th-anniversary-dinner,africa-newsroom.com,South Africa,English
2026-09-01T10:41:55Z,20260828T133000Z,Traxtion puts young women at centre of rail future,https://www.bizcommunity.com/article/traxtion-puts-young-women-at-centre-of-rails-future-308998a,bizcommunity.com,South Africa,English
2026-09-01T10:41:55Z,20260828T121500Z,工业和信息化部曝光一批新能源汽车监督检查典型案例 - 新华网,https://www.news.cn/fortune/20260828/de8f662c05bf49478051100413dba533/c.html,news.cn,China,Chinese
2026-09-01T10:41:55Z,20260828T114500Z,Ford tackles youth unemployment and skills gap with apprenticeships,https://www.timeslive.co.za/motoring/2026-08-28-ford-tackles-youth-unemployment-and-skills-gap-with-apprenticeships/,timeslive.co.za,South Africa,English
