pulled_at,reporter,reporter_code,flow,partner,cmd_code,cmd_desc,year,trade_value_usd
2026-09-01T14:45:35Z,Lesotho,426,Domestic Export,World,8708,"Motor vehicles; parts and accessories, of heading no. 8701 to 8705",2019,325862.117
2026-09-01T14:45:35Z,Lesotho,426,Import,World,8708,"Motor vehicles; parts and accessories, of heading no. 8701 to 8705",2019,10279099.012
2026-09-01T14:45:35Z,Lesotho,426,Re-export,World,8708,"Motor vehicles; parts and accessories, of heading no. 8701 to 8705",2019,177696.27
2026-09-01T14:45:35Z,Lesotho,426,Export,World,8708,"Motor vehicles; parts and accessories, of heading no. 8701 to 8705",2019,503558.387
2026-09-01T14:45:35Z,Lesotho,426,Domestic Export,World,8708,"Motor vehicles; parts and accessories, of heading no. 8701 to 8705",2019,166.761
2026-09-01T14:45:35Z,Lesotho,426,Import,World,8708,"Motor vehicles; parts and accessories, of heading no. 8701 to 8705",2019,14565.429
2026-09-01T14:45:35Z,Lesotho,426,Export,World,8708,"Motor vehicles; parts and accessories, of heading no. 8701 to 8705",2019,166.761
2026-09-01T14:45:35Z,Lesotho,426,Import,World,8708,"Motor vehicles; parts and accessories, of heading no. 8701 to 8705",2019,708.701
2026-09-01T14:45:35Z,Lesotho,426,Import,World,8708,"Motor vehicles; parts and accessories, of heading no. 8701 to 8705",2019,154654.991
2026-09-01T14:45:35Z,Lesotho,426,Domestic Export,World,8708,"Motor vehicles; parts and accessories, of heading no. 8701 to 8705",2019,325695.356
2026-09-01T14:45:35Z,Lesotho,426,Import,World,8708,"Motor vehicles; parts and accessories, of heading no. 8701 to 8705",2019,10109169.891
2026-09-01T14:45:35Z,Lesotho,426,Export,World,8708,"Motor vehicles; parts and accessories, of heading no. 8701 to 8705",2019,503391.626
2026-09-01T14:45:35Z,Lesotho,426,Import,World,8708,"Motor vehicles; parts and accessories, of heading no. 8701 to 8705",2019,10267689.215
2026-09-01T14:45:35Z,Lesotho,426,Import,World,8708,"Motor vehicles; parts and accessories, of heading no. 8701 to 8705",2019,13873.474
2026-09-01T14:45:35Z,Lesotho,426,Import,World,8708,"Motor vehicles; parts and accessories, of heading no. 8701 to 8705",2019,10098452.049
2026-09-01T14:45:35Z,Lesotho,426,Import,World,8708,"Motor vehicles; parts and accessories, of heading no. 8701 to 8705",2019,6836.247
2026-09-01T14:45:35Z,Lesotho,426,Import,World,8708,"Motor vehicles; parts and accessories, of heading no. 8701 to 8705",2019,6.643
2026-09-01T14:45:35Z,Lesotho,426,Import,World,8708,"Motor vehicles; parts and accessories, of heading no. 8701 to 8705",2019,4566.908
2026-09-01T14:45:35Z,Lesotho,426,Import,World,8708,"Motor vehicles; parts and accessories, of heading no. 8701 to 8705",2019,691.956
2026-09-01T14:45:35Z,Lesotho,426,Import,World,8708,"Motor vehicles; parts and accessories, of heading no. 8701 to 8705",2019,3874.952
2026-09-01T14:45:35Z,South Africa,710,Domestic Export,World,8708,"Motor vehicles; parts and accessories, of heading no. 8701 to 8705",2019,583808645.74
2026-09-01T14:45:35Z,South Africa,710,Import,World,8708,"Motor vehicles; parts and accessories, of heading no. 8701 to 8705",2019,1639456718.763
2026-09-01T14:45:35Z,South Africa,710,Re-import,World,8708,"Motor vehicles; parts and accessories, of heading no. 8701 to 8705",2019,2639112.566
2026-09-01T14:45:35Z,South Africa,710,Re-export,World,8708,"Motor vehicles; parts and accessories, of heading no. 8701 to 8705",2019,60889318.466
2026-09-01T14:45:35Z,South Africa,710,Export,World,8708,"Motor vehicles; parts and accessories, of heading no. 8701 to 8705",2019,644697964.206
2026-09-01T14:45:35Z,South Africa,710,Domestic Export,World,8708,"Motor vehicles; parts and accessories, of heading no. 8701 to 8705",2019,45774595.242
2026-09-01T14:45:35Z,South Africa,710,Import,World,8708,"Motor vehicles; parts and accessories, of heading no. 8701 to 8705",2019,156794058.765
2026-09-01T14:45:35Z,South Africa,710,Re-import,World,8708,"Motor vehicles; parts and accessories, of heading no. 8701 to 8705",2019,310698.592
2026-09-01T14:45:35Z,South Africa,710,Re-export,World,8708,"Motor vehicles; parts and accessories, of heading no. 8701 to 8705",2019,7270540.171
2026-09-01T14:45:35Z,South Africa,710,Export,World,8708,"Motor vehicles; parts and accessories, of heading no. 8701 to 8705",2019,53045135.413
2026-09-01T14:45:35Z,South Africa,710,Domestic Export,World,8708,"Motor vehicles; parts and accessories, of heading no. 8701 to 8705",2019,339262574.57
2026-09-01T14:45:35Z,South Africa,710,Import,World,8708,"Motor vehicles; parts and accessories, of heading no. 8701 to 8705",2019,1465690895.285
2026-09-01T14:45:35Z,South Africa,710,Re-import,World,8708,"Motor vehicles; parts and accessories, of heading no. 8701 to 8705",2019,1639797.101
2026-09-01T14:45:35Z,South Africa,710,Re-export,World,8708,"Motor vehicles; parts and accessories, of heading no. 8701 to 8705",2019,19605217.821
2026-09-01T14:45:35Z,South Africa,710,Export,World,8708,"Motor vehicles; parts and accessories, of heading no. 8701 to 8705",2019,358867792.391
2026-09-01T14:45:35Z,South Africa,710,Domestic Export,World,8708,"Motor vehicles; parts and accessories, of heading no. 8701 to 8705",2019,198739150.031
2026-09-01T14:45:35Z,South Africa,710,Import,World,8708,"Motor vehicles; parts and accessories, of heading no. 8701 to 8705",2019,16904471.547
2026-09-01T14:45:35Z,South Africa,710,Re-import,World,8708,"Motor vehicles; parts and accessories, of heading no. 8701 to 8705",2019,688616.873
2026-09-01T14:45:35Z,South Africa,710,Re-export,World,8708,"Motor vehicles; parts and accessories, of heading no. 8701 to 8705",2019,34007308.995
2026-09-01T14:45:35Z,South Africa,710,Export,World,8708,"Motor vehicles; parts and accessories, of heading no. 8701 to 8705",2019,232746459.026
2026-09-01T14:45:35Z,South Africa,710,Import,World,8708,"Motor vehicles; parts and accessories, of heading no. 8701 to 8705",2019,57416.565
2026-09-01T14:45:35Z,South Africa,710,Import,World,8708,"Motor vehicles; parts and accessories, of heading no. 8701 to 8705",2019,8345.521
2026-09-01T14:45:35Z,South Africa,710,Domestic Export,World,8708,"Motor vehicles; parts and accessories, of heading no. 8701 to 8705",2019,32325.897
2026-09-01T14:45:35Z,South Africa,710,Import,World,8708,"Motor vehicles; parts and accessories, of heading no. 8701 to 8705",2019,1531.079
2026-09-01T14:45:35Z,South Africa,710,Re-export,World,8708,"Motor vehicles; parts and accessories, of heading no. 8701 to 8705",2019,6251.479
2026-09-01T14:45:35Z,South Africa,710,Export,World,8708,"Motor vehicles; parts and accessories, of heading no. 8701 to 8705",2019,38577.376
2026-09-01T14:45:35Z,South Africa,710,Import,World,8708,"Motor vehicles; parts and accessories, of heading no. 8701 to 8705",2019,1261789538.611
2026-09-01T14:45:35Z,South Africa,710,Re-import,World,8708,"Motor vehicles; parts and accessories, of heading no. 8701 to 8705",2019,2636027.231
2026-09-01T14:45:35Z,South Africa,710,Re-export,World,8708,"Motor vehicles; parts and accessories, of heading no. 8701 to 8705",2019,2716883.278
2026-09-01T14:45:35Z,South Africa,710,Export,World,8708,"Motor vehicles; parts and accessories, of heading no. 8701 to 8705",2019,2716883.278
2026-09-01T14:45:35Z,South Africa,710,Import,World,8708,"Motor vehicles; parts and accessories, of heading no. 8701 to 8705",2019,143639533.694
2026-09-01T14:45:35Z,South Africa,710,Re-export,World,8708,"Motor vehicles; parts and accessories, of heading no. 8701 to 8705",2019,7754.261
2026-09-01T14:45:35Z,South Africa,710,Export,World,8708,"Motor vehicles; parts and accessories, of heading no. 8701 to 8705",2019,7754.261
2026-09-01T14:45:35Z,South Africa,710,Import,World,8708,"Motor vehicles; parts and accessories, of heading no. 8701 to 8705",2019,1101178240.205
2026-09-01T14:45:35Z,South Africa,710,Re-import,World,8708,"Motor vehicles; parts and accessories, of heading no. 8701 to 8705",2019,1636711.766
2026-09-01T14:45:35Z,South Africa,710,Re-export,World,8708,"Motor vehicles; parts and accessories, of heading no. 8701 to 8705",2019,2709129.017
2026-09-01T14:45:35Z,South Africa,710,Export,World,8708,"Motor vehicles; parts and accessories, of heading no. 8701 to 8705",2019,2709129.017
2026-09-01T14:45:35Z,South Africa,710,Domestic Export,World,8708,"Motor vehicles; parts and accessories, of heading no. 8701 to 8705",2019,583806943.426
2026-09-01T14:45:35Z,South Africa,710,Re-export,World,8708,"Motor vehicles; parts and accessories, of heading no. 8701 to 8705",2019,58172435.188
2026-09-01T14:45:35Z,South Africa,710,Export,World,8708,"Motor vehicles; parts and accessories, of heading no. 8701 to 8705",2019,641979378.614
2026-09-01T14:45:35Z,South Africa,710,Re-export,World,8708,"Motor vehicles; parts and accessories, of heading no. 8701 to 8705",2019,7262785.91
2026-09-01T14:45:35Z,South Africa,710,Export,World,8708,"Motor vehicles; parts and accessories, of heading no. 8701 to 8705",2019,53037381.152
2026-09-01T14:45:35Z,South Africa,710,Domestic Export,World,8708,"Motor vehicles; parts and accessories, of heading no. 8701 to 8705",2019,339260872.256
2026-09-01T14:45:35Z,South Africa,710,Export,World,8708,"Motor vehicles; parts and accessories, of heading no. 8701 to 8705",2019,358866090.077
2026-09-01T14:45:35Z,South Africa,710,Re-export,World,8708,"Motor vehicles; parts and accessories, of heading no. 8701 to 8705",2019,31298179.978
2026-09-01T14:45:35Z,South Africa,710,Export,World,8708,"Motor vehicles; parts and accessories, of heading no. 8701 to 8705",2019,230037330.009
2026-09-01T14:45:35Z,South Africa,710,Import,World,8708,"Motor vehicles; parts and accessories, of heading no. 8701 to 8705",2019,377667180.152
2026-09-01T14:45:35Z,South Africa,710,Re-import,World,8708,"Motor vehicles; parts and accessories, of heading no. 8701 to 8705",2019,3085.335
2026-09-01T14:45:35Z,South Africa,710,Import,World,8708,"Motor vehicles; parts and accessories, of heading no. 8701 to 8705",2019,13154525.072
2026-09-01T14:45:35Z,South Africa,710,Import,World,8708,"Motor vehicles; parts and accessories, of heading no. 8701 to 8705",2019,364512655.08
2026-09-01T14:45:35Z,South Africa,710,Domestic Export,World,8708,"Motor vehicles; parts and accessories, of heading no. 8701 to 8705",2019,1702.313
2026-09-01T14:45:35Z,South Africa,710,Export,World,8708,"Motor vehicles; parts and accessories, of heading no. 8701 to 8705",2019,1702.313
2026-09-01T14:45:35Z,Lesotho,426,Import,World,8708,"Motor vehicles; parts and accessories, of heading no. 8701 to 8705",2019,1180.892
2026-09-01T14:45:35Z,Lesotho,426,Domestic Export,World,8708,"Motor vehicles; parts and accessories, of heading no. 8701 to 8705",2019,325270.357
2026-09-01T14:45:35Z,Lesotho,426,Import,World,8708,"Motor vehicles; parts and accessories, of heading no. 8701 to 8705",2019,10018327.565
2026-09-01T14:45:35Z,Lesotho,426,Export,World,8708,"Motor vehicles; parts and accessories, of heading no. 8701 to 8705",2019,502966.627
2026-09-01T14:45:35Z,Lesotho,426,Domestic Export,World,8708,"Motor vehicles; parts and accessories, of heading no. 8701 to 8705",2019,21.451
2026-09-01T14:45:35Z,Lesotho,426,Import,World,8708,"Motor vehicles; parts and accessories, of heading no. 8701 to 8705",2019,1513.038
2026-09-01T14:45:35Z,Lesotho,426,Export,World,8708,"Motor vehicles; parts and accessories, of heading no. 8701 to 8705",2019,21.451
2026-09-01T14:45:35Z,Lesotho,426,Import,World,8708,"Motor vehicles; parts and accessories, of heading no. 8701 to 8705",2019,507.273
2026-09-01T14:45:35Z,Lesotho,426,Domestic Export,World,8708,"Motor vehicles; parts and accessories, of heading no. 8701 to 8705",2019,325248.906
2026-09-01T14:45:35Z,Lesotho,426,Import,World,8708,"Motor vehicles; parts and accessories, of heading no. 8701 to 8705",2019,10015598.553
2026-09-01T14:45:35Z,Lesotho,426,Export,World,8708,"Motor vehicles; parts and accessories, of heading no. 8701 to 8705",2019,502945.176
2026-09-01T14:45:35Z,Lesotho,426,Import,World,8708,"Motor vehicles; parts and accessories, of heading no. 8701 to 8705",2019,10006917.767
2026-09-01T14:45:35Z,Lesotho,426,Import,World,8708,"Motor vehicles; parts and accessories, of heading no. 8701 to 8705",2019,821.082
2026-09-01T14:45:35Z,Lesotho,426,Import,World,8708,"Motor vehicles; parts and accessories, of heading no. 8701 to 8705",2019,10004880.711
2026-09-01T14:45:35Z,Lesotho,426,Import,World,8708,"Motor vehicles; parts and accessories, of heading no. 8701 to 8705",2019,443.414
2026-09-01T14:45:35Z,Lesotho,426,Domestic Export,World,8708,"Motor vehicles; parts and accessories, of heading no. 8701 to 8705",2019,6.92
2026-09-01T14:45:35Z,Lesotho,426,Import,World,8708,"Motor vehicles; parts and accessories, of heading no. 8701 to 8705",2019,155817.801
2026-09-01T14:45:35Z,Lesotho,426,Export,World,8708,"Motor vehicles; parts and accessories, of heading no. 8701 to 8705",2019,6.92
2026-09-01T14:45:35Z,Lesotho,426,Import,World,8708,"Motor vehicles; parts and accessories, of heading no. 8701 to 8705",2019,2445.093
2026-09-01T14:45:35Z,Lesotho,426,Import,World,8708,"Motor vehicles; parts and accessories, of heading no. 8701 to 8705",2019,85833.136
2026-09-01T14:45:35Z,Lesotho,426,Import,World,8708,"Motor vehicles; parts and accessories, of heading no. 8701 to 8705",2019,67539.572
2026-09-01T14:45:35Z,Lesotho,426,Import,World,8708,"Motor vehicles; parts and accessories, of heading no. 8701 to 8705",2019,9738.724
2026-09-01T14:45:35Z,Lesotho,426,Import,World,8708,"Motor vehicles; parts and accessories, of heading no. 8701 to 8705",2019,71.271
2026-09-01T14:45:35Z,Lesotho,426,Import,World,8708,"Motor vehicles; parts and accessories, of heading no. 8701 to 8705",2019,9667.453
2026-09-01T14:45:35Z,Lesotho,426,Import,World,8708,"Motor vehicles; parts and accessories, of heading no. 8701 to 8705",2019,182.815
2026-09-01T14:45:35Z,Lesotho,426,Import,World,8708,"Motor vehicles; parts and accessories, of heading no. 8701 to 8705",2019,1993.525
2026-09-01T14:45:35Z,Lesotho,426,Import,World,8708,"Motor vehicles; parts and accessories, of heading no. 8701 to 8705",2019,73.001
2026-09-01T14:45:35Z,Lesotho,426,Domestic Export,World,8708,"Motor vehicles; parts and accessories, of heading no. 8701 to 8705",2019,446.45
2026-09-01T14:45:35Z,Lesotho,426,Import,World,8708,"Motor vehicles; parts and accessories, of heading no. 8701 to 8705",2019,375.663
2026-09-01T14:45:35Z,Lesotho,426,Export,World,8708,"Motor vehicles; parts and accessories, of heading no. 8701 to 8705",2019,446.45
2026-09-01T14:45:35Z,Lesotho,426,Import,World,8708,"Motor vehicles; parts and accessories, of heading no. 8701 to 8705",2019,6208.825
2026-09-01T14:45:35Z,Lesotho,426,Import,World,8708,"Motor vehicles; parts and accessories, of heading no. 8701 to 8705",2019,5586.644
2026-09-01T14:45:35Z,Lesotho,426,Import,World,8708,"Motor vehicles; parts and accessories, of heading no. 8701 to 8705",2019,622.182
2026-09-01T14:45:35Z,Lesotho,426,Import,World,8708,"Motor vehicles; parts and accessories, of heading no. 8701 to 8705",2019,1470.494
2026-09-01T14:45:35Z,Lesotho,426,Import,World,8708,"Motor vehicles; parts and accessories, of heading no. 8701 to 8705",2019,1470.148
2026-09-01T14:45:35Z,Lesotho,426,Import,World,8708,"Motor vehicles; parts and accessories, of heading no. 8701 to 8705",2019,0.346
2026-09-01T14:45:35Z,Lesotho,426,Import,World,8708,"Motor vehicles; parts and accessories, of heading no. 8701 to 8705",2019,631.963
2026-09-01T14:45:35Z,Lesotho,426,Import,World,8708,"Motor vehicles; parts and accessories, of heading no. 8701 to 8705",2019,58512.065
2026-09-01T14:45:35Z,Lesotho,426,Import,World,8708,"Motor vehicles; parts and accessories, of heading no. 8701 to 8705",2019,2488.854
2026-09-01T14:45:35Z,Lesotho,426,Import,World,8708,"Motor vehicles; parts and accessories, of heading no. 8701 to 8705",2019,44360.11
2026-09-01T14:45:35Z,Lesotho,426,Import,World,8708,"Motor vehicles; parts and accessories, of heading no. 8701 to 8705",2019,11663.101
2026-09-01T14:45:35Z,Lesotho,426,Import,World,8708,"Motor vehicles; parts and accessories, of heading no. 8701 to 8705",2019,1034.405
2026-09-01T14:45:35Z,Lesotho,426,Import,World,8708,"Motor vehicles; parts and accessories, of heading no. 8701 to 8705",2019,112.304
2026-09-01T14:45:35Z,Lesotho,426,Domestic Export,World,8708,"Motor vehicles; parts and accessories, of heading no. 8701 to 8705",2019,138.391
2026-09-01T14:45:35Z,Lesotho,426,Import,World,8708,"Motor vehicles; parts and accessories, of heading no. 8701 to 8705",2019,1012.284
2026-09-01T14:45:35Z,Lesotho,426,Export,World,8708,"Motor vehicles; parts and accessories, of heading no. 8701 to 8705",2019,138.391
2026-09-01T14:45:35Z,Lesotho,426,Import,World,8708,"Motor vehicles; parts and accessories, of heading no. 8701 to 8705",2019,963.412
2026-09-01T14:45:35Z,Lesotho,426,Import,World,8708,"Motor vehicles; parts and accessories, of heading no. 8701 to 8705",2019,48.872
2026-09-01T14:45:35Z,Lesotho,426,Import,World,8708,"Motor vehicles; parts and accessories, of heading no. 8701 to 8705",2019,6884.476
2026-09-01T14:45:35Z,Lesotho,426,Import,World,8708,"Motor vehicles; parts and accessories, of heading no. 8701 to 8705",2019,39.787
2026-09-01T14:45:35Z,Lesotho,426,Import,World,8708,"Motor vehicles; parts and accessories, of heading no. 8701 to 8705",2019,603.706
2026-09-01T14:45:35Z,Lesotho,426,Import,World,8708,"Motor vehicles; parts and accessories, of heading no. 8701 to 8705",2019,8958.683
2026-09-01T14:45:35Z,Lesotho,426,Import,World,8708,"Motor vehicles; parts and accessories, of heading no. 8701 to 8705",2019,6633.849
2026-09-01T14:45:35Z,Lesotho,426,Import,World,8708,"Motor vehicles; parts and accessories, of heading no. 8701 to 8705",2019,2324.833
2026-09-01T14:45:35Z,Lesotho,426,Import,World,8708,"Motor vehicles; parts and accessories, of heading no. 8701 to 8705",2019,1068.449
2026-09-01T14:45:35Z,Lesotho,426,Import,World,8708,"Motor vehicles; parts and accessories, of heading no. 8701 to 8705",2019,4428.171
2026-09-01T14:45:35Z,Lesotho,426,Import,World,8708,"Motor vehicles; parts and accessories, of heading no. 8701 to 8705",2019,428.182
2026-09-01T14:45:35Z,Lesotho,426,Import,World,8708,"Motor vehicles; parts and accessories, of heading no. 8701 to 8705",2019,3999.989
2026-09-01T14:45:35Z,Lesotho,426,Domestic Export,World,8708,"Motor vehicles; parts and accessories, of heading no. 8701 to 8705",2020,211715.99
2026-09-01T14:45:35Z,Lesotho,426,Import,World,8708,"Motor vehicles; parts and accessories, of heading no. 8701 to 8705",2020,8284229.046
2026-09-01T14:45:35Z,Lesotho,426,Re-export,World,8708,"Motor vehicles; parts and accessories, of heading no. 8701 to 8705",2020,39341.261
2026-09-01T14:45:35Z,Lesotho,426,Export,World,8708,"Motor vehicles; parts and accessories, of heading no. 8701 to 8705",2020,251057.251
2026-09-01T14:45:35Z,Lesotho,426,Domestic Export,World,8708,"Motor vehicles; parts and accessories, of heading no. 8701 to 8705",2020,560.541
2026-09-01T14:45:35Z,Lesotho,426,Import,World,8708,"Motor vehicles; parts and accessories, of heading no. 8701 to 8705",2020,12978.773
2026-09-01T14:45:35Z,Lesotho,426,Export,World,8708,"Motor vehicles; parts and accessories, of heading no. 8701 to 8705",2020,560.541
2026-09-01T14:45:35Z,Lesotho,426,Import,World,8708,"Motor vehicles; parts and accessories, of heading no. 8701 to 8705",2020,15863.376
2026-09-01T14:45:35Z,Lesotho,426,Import,World,8708,"Motor vehicles; parts and accessories, of heading no. 8701 to 8705",2020,225068.112
2026-09-01T14:45:35Z,Lesotho,426,Domestic Export,World,8708,"Motor vehicles; parts and accessories, of heading no. 8701 to 8705",2020,211155.449
2026-09-01T14:45:35Z,Lesotho,426,Import,World,8708,"Motor vehicles; parts and accessories, of heading no. 8701 to 8705",2020,8030318.784
2026-09-01T14:45:35Z,Lesotho,426,Export,World,8708,"Motor vehicles; parts and accessories, of heading no. 8701 to 8705",2020,250496.71
2026-09-01T14:45:35Z,Lesotho,426,Import,World,8708,"Motor vehicles; parts and accessories, of heading no. 8701 to 8705",2020,8240086.309
2026-09-01T14:45:35Z,Lesotho,426,Import,World,8708,"Motor vehicles; parts and accessories, of heading no. 8701 to 8705",2020,12973.122
2026-09-01T14:45:35Z,Lesotho,426,Import,World,8708,"Motor vehicles; parts and accessories, of heading no. 8701 to 8705",2020,7986181.698
2026-09-01T14:45:35Z,Lesotho,426,Import,World,8708,"Motor vehicles; parts and accessories, of heading no. 8701 to 8705",2020,24913.26
2026-09-01T14:45:35Z,Lesotho,426,Import,World,8708,"Motor vehicles; parts and accessories, of heading no. 8701 to 8705",2020,5.65
2026-09-01T14:45:35Z,Lesotho,426,Import,World,8708,"Motor vehicles; parts and accessories, of heading no. 8701 to 8705",2020,24907.61
2026-09-01T14:45:35Z,Lesotho,426,Import,World,8708,"Motor vehicles; parts and accessories, of heading no. 8701 to 8705",2020,19229.477
2026-09-01T14:45:35Z,South Africa,710,Domestic Export,World,8708,"Motor vehicles; parts and accessories, of heading no. 8701 to 8705",2020,524776011.473
2026-09-01T14:45:35Z,South Africa,710,Import,World,8708,"Motor vehicles; parts and accessories, of heading no. 8701 to 8705",2020,1198884475.613
2026-09-01T14:45:35Z,South Africa,710,Re-export,World,8708,"Motor vehicles; parts and accessories, of heading no. 8701 to 8705",2020,3719265.189
2026-09-01T14:45:35Z,South Africa,710,Export,World,8708,"Motor vehicles; parts and accessories, of heading no. 8701 to 8705",2020,528495276.662
2026-09-01T14:45:35Z,South Africa,710,Domestic Export,World,8708,"Motor vehicles; parts and accessories, of heading no. 8701 to 8705",2020,47040787.866
2026-09-01T14:45:35Z,South Africa,710,Import,World,8708,"Motor vehicles; parts and accessories, of heading no. 8701 to 8705",2020,130263640.843
2026-09-01T14:45:35Z,South Africa,710,Re-export,World,8708,"Motor vehicles; parts and accessories, of heading no. 8701 to 8705",2020,24479.63
2026-09-01T14:45:35Z,South Africa,710,Export,World,8708,"Motor vehicles; parts and accessories, of heading no. 8701 to 8705",2020,47065267.496
2026-09-01T14:45:35Z,South Africa,710,Domestic Export,World,8708,"Motor vehicles; parts and accessories, of heading no. 8701 to 8705",2020,285076964.578
2026-09-01T14:45:35Z,South Africa,710,Import,World,8708,"Motor vehicles; parts and accessories, of heading no. 8701 to 8705",2020,1057507850.312
2026-09-01T14:45:35Z,South Africa,710,Re-export,World,8708,"Motor vehicles; parts and accessories, of heading no. 8701 to 8705",2020,3632307.574
2026-09-01T14:45:35Z,South Africa,710,Export,World,8708,"Motor vehicles; parts and accessories, of heading no. 8701 to 8705",2020,288709272.152
2026-09-01T14:45:35Z,South Africa,710,Domestic Export,World,8708,"Motor vehicles; parts and accessories, of heading no. 8701 to 8705",2020,442.394
2026-09-01T14:45:35Z,South Africa,710,Export,World,8708,"Motor vehicles; parts and accessories, of heading no. 8701 to 8705",2020,442.394
2026-09-01T14:45:35Z,South Africa,710,Domestic Export,World,8708,"Motor vehicles; parts and accessories, of heading no. 8701 to 8705",2020,192657191.388
2026-09-01T14:45:35Z,South Africa,710,Import,World,8708,"Motor vehicles; parts and accessories, of heading no. 8701 to 8705",2020,9585971.446
2026-09-01T14:45:35Z,South Africa,710,Re-export,World,8708,"Motor vehicles; parts and accessories, of heading no. 8701 to 8705",2020,62477.984
2026-09-01T14:45:35Z,South Africa,710,Export,World,8708,"Motor vehicles; parts and accessories, of heading no. 8701 to 8705",2020,192719669.372
2026-09-01T14:45:35Z,South Africa,710,Import,World,8708,"Motor vehicles; parts and accessories, of heading no. 8701 to 8705",2020,1505280.49
2026-09-01T14:45:35Z,South Africa,710,Import,World,8708,"Motor vehicles; parts and accessories, of heading no. 8701 to 8705",2020,5294.32
2026-09-01T14:45:35Z,South Africa,710,Domestic Export,World,8708,"Motor vehicles; parts and accessories, of heading no. 8701 to 8705",2020,625.248
2026-09-01T14:45:35Z,South Africa,710,Import,World,8708,"Motor vehicles; parts and accessories, of heading no. 8701 to 8705",2020,16438.203
2026-09-01T14:45:35Z,South Africa,710,Export,World,8708,"Motor vehicles; parts and accessories, of heading no. 8701 to 8705",2020,625.248
2026-09-01T14:45:35Z,South Africa,710,Import,World,8708,"Motor vehicles; parts and accessories, of heading no. 8701 to 8705",2020,840757755.066
2026-09-01T14:45:35Z,South Africa,710,Import,World,8708,"Motor vehicles; parts and accessories, of heading no. 8701 to 8705",2020,108832520.866
2026-09-01T14:45:35Z,South Africa,710,Import,World,8708,"Motor vehicles; parts and accessories, of heading no. 8701 to 8705",2020,720816073.501
2026-09-01T14:45:35Z,South Africa,710,Import,World,8708,"Motor vehicles; parts and accessories, of heading no. 8701 to 8705",2020,9582147.686
2026-09-01T14:45:35Z,South Africa,710,Domestic Export,World,8708,"Motor vehicles; parts and accessories, of heading no. 8701 to 8705",2020,524772000.997
2026-09-01T14:45:35Z,South Africa,710,Export,World,8708,"Motor vehicles; parts and accessories, of heading no. 8701 to 8705",2020,528491266.185
2026-09-01T14:45:35Z,South Africa,710,Domestic Export,World,8708,"Motor vehicles; parts and accessories, of heading no. 8701 to 8705",2020,285072954.101
2026-09-01T14:45:35Z,South Africa,710,Export,World,8708,"Motor vehicles; parts and accessories, of heading no. 8701 to 8705",2020,288705261.675
2026-09-01T14:45:35Z,South Africa,710,Import,World,8708,"Motor vehicles; parts and accessories, of heading no. 8701 to 8705",2020,79262411.119
2026-09-01T14:45:35Z,South Africa,710,Import,World,8708,"Motor vehicles; parts and accessories, of heading no. 8701 to 8705",2020,5925464.261
2026-09-01T14:45:35Z,South Africa,710,Import,World,8708,"Motor vehicles; parts and accessories, of heading no. 8701 to 8705",2020,73333123.098
2026-09-01T14:45:35Z,South Africa,710,Import,World,8708,"Motor vehicles; parts and accessories, of heading no. 8701 to 8705",2020,3823.76
2026-09-01T14:45:35Z,South Africa,710,Import,World,8708,"Motor vehicles; parts and accessories, of heading no. 8701 to 8705",2020,278864309.429
2026-09-01T14:45:35Z,South Africa,710,Import,World,8708,"Motor vehicles; parts and accessories, of heading no. 8701 to 8705",2020,15505655.716
2026-09-01T14:45:35Z,South Africa,710,Import,World,8708,"Motor vehicles; parts and accessories, of heading no. 8701 to 8705",2020,263358653.712
2026-09-01T14:45:35Z,South Africa,710,Domestic Export,World,8708,"Motor vehicles; parts and accessories, of heading no. 8701 to 8705",2020,4010.477
2026-09-01T14:45:35Z,South Africa,710,Export,World,8708,"Motor vehicles; parts and accessories, of heading no. 8701 to 8705",2020,4010.477
2026-09-01T14:45:35Z,Lesotho,426,Import,World,8708,"Motor vehicles; parts and accessories, of heading no. 8701 to 8705",2020,91.864
2026-09-01T14:45:35Z,Lesotho,426,Import,World,8708,"Motor vehicles; parts and accessories, of heading no. 8701 to 8705",2020,16649.385
2026-09-01T14:45:35Z,Lesotho,426,Domestic Export,World,8708,"Motor vehicles; parts and accessories, of heading no. 8701 to 8705",2020,20.536
2026-09-01T14:45:35Z,Lesotho,426,Import,World,8708,"Motor vehicles; parts and accessories, of heading no. 8701 to 8705",2020,366609.636
2026-09-01T14:45:35Z,Lesotho,426,Export,World,8708,"Motor vehicles; parts and accessories, of heading no. 8701 to 8705",2020,20.536
2026-09-01T14:45:35Z,Lesotho,426,Import,World,8708,"Motor vehicles; parts and accessories, of heading no. 8701 to 8705",2020,4037.036
2026-09-01T14:45:35Z,Lesotho,426,Import,World,8708,"Motor vehicles; parts and accessories, of heading no. 8701 to 8705",2020,111149.169
2026-09-01T14:45:35Z,Lesotho,426,Import,World,8708,"Motor vehicles; parts and accessories, of heading no. 8701 to 8705",2020,251423.431
2026-09-01T14:45:35Z,Lesotho,426,Import,World,8708,"Motor vehicles; parts and accessories, of heading no. 8701 to 8705",2020,366603.986
2026-09-01T14:45:35Z,Lesotho,426,Import,World,8708,"Motor vehicles; parts and accessories, of heading no. 8701 to 8705",2020,4031.385
2026-09-01T14:45:35Z,Lesotho,426,Import,World,8708,"Motor vehicles; parts and accessories, of heading no. 8701 to 8705",2020,74.123
2026-09-01T14:45:35Z,Lesotho,426,Import,World,8708,"Motor vehicles; parts and accessories, of heading no. 8701 to 8705",2020,153.957
2026-09-01T14:45:35Z,Lesotho,426,Import,World,8708,"Motor vehicles; parts and accessories, of heading no. 8701 to 8705",2020,30856.961
2026-09-01T14:45:35Z,Lesotho,426,Import,World,8708,"Motor vehicles; parts and accessories, of heading no. 8701 to 8705",2020,5017.405
2026-09-01T14:45:35Z,Lesotho,426,Import,World,8708,"Motor vehicles; parts and accessories, of heading no. 8701 to 8705",2020,57.537
2026-09-01T14:45:35Z,Lesotho,426,Import,World,8708,"Motor vehicles; parts and accessories, of heading no. 8701 to 8705",2020,4959.868
2026-09-01T14:45:35Z,Lesotho,426,Import,World,8708,"Motor vehicles; parts and accessories, of heading no. 8701 to 8705",2020,4646.425
2026-09-01T14:45:35Z,Lesotho,426,Import,World,8708,"Motor vehicles; parts and accessories, of heading no. 8701 to 8705",2020,54934.696
2026-09-01T14:45:35Z,Lesotho,426,Import,World,8708,"Motor vehicles; parts and accessories, of heading no. 8701 to 8705",2020,1578.944
2026-09-01T14:45:35Z,Lesotho,426,Import,World,8708,"Motor vehicles; parts and accessories, of heading no. 8701 to 8705",2020,26388.431
2026-09-01T14:45:35Z,Lesotho,426,Import,World,8708,"Motor vehicles; parts and accessories, of heading no. 8701 to 8705",2020,26967.321
2026-09-01T14:45:35Z,Lesotho,426,Import,World,8708,"Motor vehicles; parts and accessories, of heading no. 8701 to 8705",2020,173.886
2026-09-01T14:45:35Z,Lesotho,426,Import,World,8708,"Motor vehicles; parts and accessories, of heading no. 8701 to 8705",2020,12307.047
2026-09-01T14:45:35Z,Lesotho,426,Domestic Export,World,8708,"Motor vehicles; parts and accessories, of heading no. 8701 to 8705",2020,12.151
2026-09-01T14:45:35Z,Lesotho,426,Export,World,8708,"Motor vehicles; parts and accessories, of heading no. 8701 to 8705",2020,12.151
2026-09-01T14:45:35Z,Lesotho,426,Import,World,8708,"Motor vehicles; parts and accessories, of heading no. 8701 to 8705",2020,71.936
2026-09-01T14:45:35Z,Lesotho,426,Import,World,8708,"Motor vehicles; parts and accessories, of heading no. 8701 to 8705",2020,3126.719
2026-09-01T14:45:35Z,Lesotho,426,Import,World,8708,"Motor vehicles; parts and accessories, of heading no. 8701 to 8705",2020,925.384
2026-09-01T14:45:35Z,Lesotho,426,Import,World,8708,"Motor vehicles; parts and accessories, of heading no. 8701 to 8705",2020,81.353
2026-09-01T14:45:35Z,Lesotho,426,Import,World,8708,"Motor vehicles; parts and accessories, of heading no. 8701 to 8705",2020,844.031
2026-09-01T14:45:35Z,Lesotho,426,Domestic Export,World,8708,"Motor vehicles; parts and accessories, of heading no. 8701 to 8705",2020,211683.303
2026-09-01T14:45:35Z,Lesotho,426,Import,World,8708,"Motor vehicles; parts and accessories, of heading no. 8701 to 8705",2020,7740591.815
2026-09-01T14:45:35Z,Lesotho,426,Export,World,8708,"Motor vehicles; parts and accessories, of heading no. 8701 to 8705",2020,251024.564
2026-09-01T14:45:35Z,Lesotho,426,Domestic Export,World,8708,"Motor vehicles; parts and accessories, of heading no. 8701 to 8705",2020,527.854
2026-09-01T14:45:35Z,Lesotho,426,Import,World,8708,"Motor vehicles; parts and accessories, of heading no. 8701 to 8705",2020,802.96
2026-09-01T14:45:35Z,Lesotho,426,Export,World,8708,"Motor vehicles; parts and accessories, of heading no. 8701 to 8705",2020,527.854
2026-09-01T14:45:35Z,Lesotho,426,Import,World,8708,"Motor vehicles; parts and accessories, of heading no. 8701 to 8705",2020,7723925.479
2026-09-01T14:45:35Z,Lesotho,426,Import,World,8708,"Motor vehicles; parts and accessories, of heading no. 8701 to 8705",2020,7696454.729
2026-09-01T14:45:35Z,Lesotho,426,Import,World,8708,"Motor vehicles; parts and accessories, of heading no. 8701 to 8705",2020,7679788.393
2026-09-01T14:45:35Z,Lesotho,426,Import,World,8708,"Motor vehicles; parts and accessories, of heading no. 8701 to 8705",2020,44401.378
2026-09-01T14:45:35Z,Lesotho,426,Import,World,8708,"Motor vehicles; parts and accessories, of heading no. 8701 to 8705",2020,34.874
2026-09-01T14:45:35Z,Lesotho,426,Import,World,8708,"Motor vehicles; parts and accessories, of heading no. 8701 to 8705",2020,44366.503
2026-09-01T14:45:35Z,Lesotho,426,Import,World,8708,"Motor vehicles; parts and accessories, of heading no. 8701 to 8705",2020,544.683
2026-09-01T14:45:35Z,Lesotho,426,Import,World,8708,"Motor vehicles; parts and accessories, of heading no. 8701 to 8705",2020,2547.04
2026-09-01T14:45:35Z,Lesotho,426,Import,World,8708,"Motor vehicles; parts and accessories, of heading no. 8701 to 8705",2020,425.904
2026-09-01T14:45:35Z,Lesotho,426,Import,World,8708,"Motor vehicles; parts and accessories, of heading no. 8701 to 8705",2020,2121.136
2026-09-01T14:45:35Z,Lesotho,426,Import,World,8708,"Motor vehicles; parts and accessories, of heading no. 8701 to 8705",2020,504.705
2026-09-01T14:45:35Z,Lesotho,426,Import,World,8708,"Motor vehicles; parts and accessories, of heading no. 8701 to 8705",2020,295.156
2026-09-01T14:45:35Z,Lesotho,426,Import,World,8708,"Motor vehicles; parts and accessories, of heading no. 8701 to 8705",2020,209.55
2026-09-01T14:45:35Z,Lesotho,426,Domestic Export,World,8708,"Motor vehicles; parts and accessories, of heading no. 8701 to 8705",2021,1283609.988
2026-09-01T14:45:35Z,Lesotho,426,Import,World,8708,"Motor vehicles; parts and accessories, of heading no. 8701 to 8705",2021,11661963.76
2026-09-01T14:45:35Z,Lesotho,426,Re-export,World,8708,"Motor vehicles; parts and accessories, of heading no. 8701 to 8705",2021,31451.415
2026-09-01T14:45:35Z,Lesotho,426,Export,World,8708,"Motor vehicles; parts and accessories, of heading no. 8701 to 8705",2021,1315142.575
2026-09-01T14:45:35Z,Lesotho,426,Export of goods for outward processing,World,8708,"Motor vehicles; parts and accessories, of heading no. 8701 to 8705",2021,81.172
2026-09-01T14:45:35Z,Lesotho,426,Domestic Export,World,8708,"Motor vehicles; parts and accessories, of heading no. 8701 to 8705",2021,434.27
2026-09-01T14:45:35Z,Lesotho,426,Import,World,8708,"Motor vehicles; parts and accessories, of heading no. 8701 to 8705",2021,26168.814
2026-09-01T14:45:35Z,Lesotho,426,Export,World,8708,"Motor vehicles; parts and accessories, of heading no. 8701 to 8705",2021,434.27
2026-09-01T14:45:35Z,Lesotho,426,Import,World,8708,"Motor vehicles; parts and accessories, of heading no. 8701 to 8705",2021,15816.688
2026-09-01T14:45:35Z,Lesotho,426,Import,World,8708,"Motor vehicles; parts and accessories, of heading no. 8701 to 8705",2021,118096.221
2026-09-01T14:45:35Z,Lesotho,426,Domestic Export,World,8708,"Motor vehicles; parts and accessories, of heading no. 8701 to 8705",2021,1283175.718
2026-09-01T14:45:35Z,Lesotho,426,Import,World,8708,"Motor vehicles; parts and accessories, of heading no. 8701 to 8705",2021,11501882.038
2026-09-01T14:45:35Z,Lesotho,426,Export,World,8708,"Motor vehicles; parts and accessories, of heading no. 8701 to 8705",2021,1314708.305
2026-09-01T14:45:35Z,Lesotho,426,Import,World,8708,"Motor vehicles; parts and accessories, of heading no. 8701 to 8705",2021,11553838.631
2026-09-01T14:45:35Z,Lesotho,426,Import,World,8708,"Motor vehicles; parts and accessories, of heading no. 8701 to 8705",2021,11393756.909
2026-09-01T14:45:35Z,Lesotho,426,Import,World,8708,"Motor vehicles; parts and accessories, of heading no. 8701 to 8705",2021,107897.645
2026-09-01T14:45:35Z,Lesotho,426,Export,World,8708,"Motor vehicles; parts and accessories, of heading no. 8701 to 8705",2021,1315061.403
2026-09-01T14:45:35Z,Lesotho,426,Export,World,8708,"Motor vehicles; parts and accessories, of heading no. 8701 to 8705",2021,1314627.133
2026-09-01T14:45:35Z,Lesotho,426,Export,World,8708,"Motor vehicles; parts and accessories, of heading no. 8701 to 8705",2021,81.172
2026-09-01T14:45:35Z,Lesotho,426,Import,World,8708,"Motor vehicles; parts and accessories, of heading no. 8701 to 8705",2021,227.484
2026-09-01T14:45:35Z,South Africa,710,Domestic Export,World,8708,"Motor vehicles; parts and accessories, of heading no. 8701 to 8705",2021,711080529.044
2026-09-01T14:45:35Z,South Africa,710,Import,World,8708,"Motor vehicles; parts and accessories, of heading no. 8701 to 8705",2021,1679565150.457
2026-09-01T14:45:35Z,South Africa,710,Re-import,World,8708,"Motor vehicles; parts and accessories, of heading no. 8701 to 8705",2021,1755180.175
2026-09-01T14:45:35Z,South Africa,710,Re-export,World,8708,"Motor vehicles; parts and accessories, of heading no. 8701 to 8705",2021,5798407.597
2026-09-01T14:45:35Z,South Africa,710,Export,World,8708,"Motor vehicles; parts and accessories, of heading no. 8701 to 8705",2021,716878936.641
2026-09-01T14:45:35Z,South Africa,710,Domestic Export,World,8708,"Motor vehicles; parts and accessories, of heading no. 8701 to 8705",2021,55711042.849
2026-09-01T14:45:35Z,South Africa,710,Import,World,8708,"Motor vehicles; parts and accessories, of heading no. 8701 to 8705",2021,183325430.768
2026-09-01T14:45:35Z,South Africa,710,Re-import,World,8708,"Motor vehicles; parts and accessories, of heading no. 8701 to 8705",2021,277719.898
2026-09-01T14:45:35Z,South Africa,710,Re-export,World,8708,"Motor vehicles; parts and accessories, of heading no. 8701 to 8705",2021,11819.19
2026-09-01T14:45:35Z,South Africa,710,Export,World,8708,"Motor vehicles; parts and accessories, of heading no. 8701 to 8705",2021,55722862.039
2026-09-01T14:45:35Z,South Africa,710,Domestic Export,World,8708,"Motor vehicles; parts and accessories, of heading no. 8701 to 8705",2021,395775649.213
2026-09-01T14:45:35Z,South Africa,710,Import,World,8708,"Motor vehicles; parts and accessories, of heading no. 8701 to 8705",2021,1481978949.273
2026-09-01T14:45:35Z,South Africa,710,Re-import,World,8708,"Motor vehicles; parts and accessories, of heading no. 8701 to 8705",2021,1316532.218
2026-09-01T14:45:35Z,South Africa,710,Re-export,World,8708,"Motor vehicles; parts and accessories, of heading no. 8701 to 8705",2021,5619905.909
2026-09-01T14:45:35Z,South Africa,710,Export,World,8708,"Motor vehicles; parts and accessories, of heading no. 8701 to 8705",2021,401395555.123
2026-09-01T14:45:35Z,South Africa,710,Domestic Export,World,8708,"Motor vehicles; parts and accessories, of heading no. 8701 to 8705",2021,259586164.306
2026-09-01T14:45:35Z,South Africa,710,Import,World,8708,"Motor vehicles; parts and accessories, of heading no. 8701 to 8705",2021,13609365.746
2026-09-01T14:45:35Z,South Africa,710,Re-import,World,8708,"Motor vehicles; parts and accessories, of heading no. 8701 to 8705",2021,160928.059
2026-09-01T14:45:35Z,South Africa,710,Re-export,World,8708,"Motor vehicles; parts and accessories, of heading no. 8701 to 8705",2021,166682.498
2026-09-01T14:45:35Z,South Africa,710,Export,World,8708,"Motor vehicles; parts and accessories, of heading no. 8701 to 8705",2021,259752846.804
2026-09-01T14:45:35Z,South Africa,710,Domestic Export,World,8708,"Motor vehicles; parts and accessories, of heading no. 8701 to 8705",2021,116.858
2026-09-01T14:45:35Z,South Africa,710,Import,World,8708,"Motor vehicles; parts and accessories, of heading no. 8701 to 8705",2021,548696.77
2026-09-01T14:45:35Z,South Africa,710,Export,World,8708,"Motor vehicles; parts and accessories, of heading no. 8701 to 8705",2021,116.858
2026-09-01T14:45:35Z,South Africa,710,Import,World,8708,"Motor vehicles; parts and accessories, of heading no. 8701 to 8705",2021,1682.153
2026-09-01T14:45:35Z,South Africa,710,Domestic Export,World,8708,"Motor vehicles; parts and accessories, of heading no. 8701 to 8705",2021,7555.818
2026-09-01T14:45:35Z,South Africa,710,Import,World,8708,"Motor vehicles; parts and accessories, of heading no. 8701 to 8705",2021,101025.747
2026-09-01T14:45:35Z,South Africa,710,Export,World,8708,"Motor vehicles; parts and accessories, of heading no. 8701 to 8705",2021,7555.818
2026-09-01T14:45:35Z,South Africa,710,Import,World,8708,"Motor vehicles; parts and accessories, of heading no. 8701 to 8705",2021,1192663121.612
2026-09-01T14:45:35Z,South Africa,710,Re-import,World,8708,"Motor vehicles; parts and accessories, of heading no. 8701 to 8705",2021,1754049.492
2026-09-01T14:45:35Z,South Africa,710,Import,World,8708,"Motor vehicles; parts and accessories, of heading no. 8701 to 8705",2021,151222169.146
2026-09-01T14:45:35Z,South Africa,710,Re-import,World,8708,"Motor vehicles; parts and accessories, of heading no. 8701 to 8705",2021,276629.408
2026-09-01T14:45:35Z,South Africa,710,Import,World,8708,"Motor vehicles; parts and accessories, of heading no. 8701 to 8705",2021,1027466917.165
2026-09-01T14:45:35Z,South Africa,710,Re-import,World,8708,"Motor vehicles; parts and accessories, of heading no. 8701 to 8705",2021,1316492.025
2026-09-01T14:45:35Z,South Africa,710,Import,World,8708,"Motor vehicles; parts and accessories, of heading no. 8701 to 8705",2021,13322630.631
2026-09-01T14:45:35Z,South Africa,710,Domestic Export,World,8708,"Motor vehicles; parts and accessories, of heading no. 8701 to 8705",2021,711073192.664
2026-09-01T14:45:35Z,South Africa,710,Export,World,8708,"Motor vehicles; parts and accessories, of heading no. 8701 to 8705",2021,716871600.261
2026-09-01T14:45:35Z,South Africa,710,Domestic Export,World,8708,"Motor vehicles; parts and accessories, of heading no. 8701 to 8705",2021,395768312.833
2026-09-01T14:45:35Z,South Africa,710,Export,World,8708,"Motor vehicles; parts and accessories, of heading no. 8701 to 8705",2021,401388218.742
2026-09-01T14:45:35Z,South Africa,710,Import,World,8708,"Motor vehicles; parts and accessories, of heading no. 8701 to 8705",2021,94834439.867
2026-09-01T14:45:35Z,South Africa,710,Re-import,World,8708,"Motor vehicles; parts and accessories, of heading no. 8701 to 8705",2021,1130.683
2026-09-01T14:45:35Z,South Africa,710,Import,World,8708,"Motor vehicles; parts and accessories, of heading no. 8701 to 8705",2021,9819716.347
2026-09-01T14:45:35Z,South Africa,710,Re-import,World,8708,"Motor vehicles; parts and accessories, of heading no. 8701 to 8705",2021,1090.49
2026-09-01T14:45:35Z,South Africa,710,Import,World,8708,"Motor vehicles; parts and accessories, of heading no. 8701 to 8705",2021,85001323.472
2026-09-01T14:45:35Z,South Africa,710,Re-import,World,8708,"Motor vehicles; parts and accessories, of heading no. 8701 to 8705",2021,40.193
2026-09-01T14:45:35Z,South Africa,710,Import,World,8708,"Motor vehicles; parts and accessories, of heading no. 8701 to 8705",2021,13400.048
2026-09-01T14:45:35Z,South Africa,710,Import,World,8708,"Motor vehicles; parts and accessories, of heading no. 8701 to 8705",2021,392067588.978
2026-09-01T14:45:35Z,South Africa,710,Import,World,8708,"Motor vehicles; parts and accessories, of heading no. 8701 to 8705",2021,22283545.275
2026-09-01T14:45:35Z,South Africa,710,Import,World,8708,"Motor vehicles; parts and accessories, of heading no. 8701 to 8705",2021,369510708.636
2026-09-01T14:45:35Z,South Africa,710,Import,World,8708,"Motor vehicles; parts and accessories, of heading no. 8701 to 8705",2021,273335.067
2026-09-01T14:45:35Z,South Africa,710,Domestic Export,World,8708,"Motor vehicles; parts and accessories, of heading no. 8701 to 8705",2021,7336.38
2026-09-01T14:45:35Z,South Africa,710,Export,World,8708,"Motor vehicles; parts and accessories, of heading no. 8701 to 8705",2021,7336.38
2026-09-01T14:45:35Z,Lesotho,426,Import,World,8708,"Motor vehicles; parts and accessories, of heading no. 8701 to 8705",2022,12810170.716
2026-09-01T14:45:35Z,Lesotho,426,Export,World,8708,"Motor vehicles; parts and accessories, of heading no. 8701 to 8705",2022,1873703.451
2026-09-01T14:45:35Z,South Africa,710,Domestic Export,World,8708,"Motor vehicles; parts and accessories, of heading no. 8701 to 8705",2022,674161001.771
2026-09-01T14:45:35Z,South Africa,710,Import,World,8708,"Motor vehicles; parts and accessories, of heading no. 8701 to 8705",2022,1768940093.533
2026-09-01T14:45:35Z,South Africa,710,Re-import,World,8708,"Motor vehicles; parts and accessories, of heading no. 8701 to 8705",2022,2323808.577
2026-09-01T14:45:35Z,South Africa,710,Re-export,World,8708,"Motor vehicles; parts and accessories, of heading no. 8701 to 8705",2022,5057267.615
2026-09-01T14:45:35Z,South Africa,710,Export,World,8708,"Motor vehicles; parts and accessories, of heading no. 8701 to 8705",2022,679218269.386
2026-09-01T14:45:35Z,South Africa,710,Domestic Export,World,8708,"Motor vehicles; parts and accessories, of heading no. 8701 to 8705",2022,48498954.307
2026-09-01T14:45:35Z,South Africa,710,Import,World,8708,"Motor vehicles; parts and accessories, of heading no. 8701 to 8705",2022,189945493.753
2026-09-01T14:45:35Z,South Africa,710,Re-import,World,8708,"Motor vehicles; parts and accessories, of heading no. 8701 to 8705",2022,355110.6
2026-09-01T14:45:35Z,South Africa,710,Re-export,World,8708,"Motor vehicles; parts and accessories, of heading no. 8701 to 8705",2022,132628.846
2026-09-01T14:45:35Z,South Africa,710,Export,World,8708,"Motor vehicles; parts and accessories, of heading no. 8701 to 8705",2022,48631583.153
2026-09-01T14:45:35Z,South Africa,710,Domestic Export,World,8708,"Motor vehicles; parts and accessories, of heading no. 8701 to 8705",2022,362374337.499
2026-09-01T14:45:35Z,South Africa,710,Import,World,8708,"Motor vehicles; parts and accessories, of heading no. 8701 to 8705",2022,1562148846.765
2026-09-01T14:45:35Z,South Africa,710,Re-import,World,8708,"Motor vehicles; parts and accessories, of heading no. 8701 to 8705",2022,1845380.721
2026-09-01T14:45:35Z,South Africa,710,Re-export,World,8708,"Motor vehicles; parts and accessories, of heading no. 8701 to 8705",2022,4897546.389
2026-09-01T14:45:35Z,South Africa,710,Export,World,8708,"Motor vehicles; parts and accessories, of heading no. 8701 to 8705",2022,367271883.888
2026-09-01T14:45:35Z,South Africa,710,Domestic Export,World,8708,"Motor vehicles; parts and accessories, of heading no. 8701 to 8705",2022,263286541.209
2026-09-01T14:45:35Z,South Africa,710,Import,World,8708,"Motor vehicles; parts and accessories, of heading no. 8701 to 8705",2022,15575000.266
2026-09-01T14:45:35Z,South Africa,710,Re-import,World,8708,"Motor vehicles; parts and accessories, of heading no. 8701 to 8705",2022,123317.256
2026-09-01T14:45:35Z,South Africa,710,Re-export,World,8708,"Motor vehicles; parts and accessories, of heading no. 8701 to 8705",2022,27092.38
2026-09-01T14:45:35Z,South Africa,710,Export,World,8708,"Motor vehicles; parts and accessories, of heading no. 8701 to 8705",2022,263313633.588
2026-09-01T14:45:35Z,South Africa,710,Import,World,8708,"Motor vehicles; parts and accessories, of heading no. 8701 to 8705",2022,1267688.159
2026-09-01T14:45:35Z,South Africa,710,Import,World,8708,"Motor vehicles; parts and accessories, of heading no. 8701 to 8705",2022,3064.591
2026-09-01T14:45:35Z,South Africa,710,Domestic Export,World,8708,"Motor vehicles; parts and accessories, of heading no. 8701 to 8705",2022,1168.756
2026-09-01T14:45:35Z,South Africa,710,Export,World,8708,"Motor vehicles; parts and accessories, of heading no. 8701 to 8705",2022,1168.756
2026-09-01T14:45:35Z,South Africa,710,Import,World,8708,"Motor vehicles; parts and accessories, of heading no. 8701 to 8705",2022,1279699746.779
2026-09-01T14:45:35Z,South Africa,710,Re-import,World,8708,"Motor vehicles; parts and accessories, of heading no. 8701 to 8705",2022,2283303.079
2026-09-01T14:45:35Z,South Africa,710,Import,World,8708,"Motor vehicles; parts and accessories, of heading no. 8701 to 8705",2022,166662128.539
2026-09-01T14:45:35Z,South Africa,710,Re-import,World,8708,"Motor vehicles; parts and accessories, of heading no. 8701 to 8705",2022,323868.819
2026-09-01T14:45:35Z,South Africa,710,Import,World,8708,"Motor vehicles; parts and accessories, of heading no. 8701 to 8705",2022,1096191865.225
2026-09-01T14:45:35Z,South Africa,710,Re-import,World,8708,"Motor vehicles; parts and accessories, of heading no. 8701 to 8705",2022,1836117.003
2026-09-01T14:45:35Z,South Africa,710,Domestic Export,World,8708,"Motor vehicles; parts and accessories, of heading no. 8701 to 8705",2022,674155496.953
2026-09-01T14:45:35Z,South Africa,710,Export,World,8708,"Motor vehicles; parts and accessories, of heading no. 8701 to 8705",2022,679212764.568
2026-09-01T14:45:35Z,South Africa,710,Domestic Export,World,8708,"Motor vehicles; parts and accessories, of heading no. 8701 to 8705",2022,362368832.681
2026-09-01T14:45:35Z,South Africa,710,Export,World,8708,"Motor vehicles; parts and accessories, of heading no. 8701 to 8705",2022,367266379.07
2026-09-01T14:45:35Z,South Africa,710,Import,World,8708,"Motor vehicles; parts and accessories, of heading no. 8701 to 8705",2022,106085805.103
2026-09-01T14:45:35Z,South Africa,710,Re-import,World,8708,"Motor vehicles; parts and accessories, of heading no. 8701 to 8705",2022,26144.157
2026-09-01T14:45:35Z,South Africa,710,Import,World,8708,"Motor vehicles; parts and accessories, of heading no. 8701 to 8705",2022,10492956.628
2026-09-01T14:45:35Z,South Africa,710,Re-import,World,8708,"Motor vehicles; parts and accessories, of heading no. 8701 to 8705",2022,16880.44
2026-09-01T14:45:35Z,South Africa,710,Import,World,8708,"Motor vehicles; parts and accessories, of heading no. 8701 to 8705",2022,95592848.475
2026-09-01T14:45:35Z,South Africa,710,Re-import,World,8708,"Motor vehicles; parts and accessories, of heading no. 8701 to 8705",2022,9263.717
2026-09-01T14:45:35Z,South Africa,710,Import,World,8708,"Motor vehicles; parts and accessories, of heading no. 8701 to 8705",2022,383154541.651
2026-09-01T14:45:35Z,South Africa,710,Re-import,World,8708,"Motor vehicles; parts and accessories, of heading no. 8701 to 8705",2022,14361.342
2026-09-01T14:45:35Z,South Africa,710,Import,World,8708,"Motor vehicles; parts and accessories, of heading no. 8701 to 8705",2022,12790408.586
2026-09-01T14:45:35Z,South Africa,710,Import,World,8708,"Motor vehicles; parts and accessories, of heading no. 8701 to 8705",2022,370364133.065
2026-09-01T14:45:35Z,South Africa,710,Domestic Export,World,8708,"Motor vehicles; parts and accessories, of heading no. 8701 to 8705",2022,5504.818
2026-09-01T14:45:35Z,South Africa,710,Export,World,8708,"Motor vehicles; parts and accessories, of heading no. 8701 to 8705",2022,5504.818
2026-09-01T14:45:35Z,Lesotho,426,Domestic Export,World,8708,"Motor vehicles; parts and accessories, of heading no. 8701 to 8705",2023,2403220.294
2026-09-01T14:45:35Z,Lesotho,426,Foreign Import,World,8708,"Motor vehicles; parts and accessories, of heading no. 8701 to 8705",2023,10915144.825
2026-09-01T14:45:35Z,Lesotho,426,Import,World,8708,"Motor vehicles; parts and accessories, of heading no. 8701 to 8705",2023,10915144.825
2026-09-01T14:45:35Z,Lesotho,426,Re-export,World,8708,"Motor vehicles; parts and accessories, of heading no. 8701 to 8705",2023,43714.655
2026-09-01T14:45:35Z,Lesotho,426,Export,World,8708,"Motor vehicles; parts and accessories, of heading no. 8701 to 8705",2023,2446934.948
2026-09-01T14:45:35Z,South Africa,710,Domestic Export,World,8708,"Motor vehicles; parts and accessories, of heading no. 8701 to 8705",2023,703389109.236
2026-09-01T14:45:35Z,South Africa,710,Import,World,8708,"Motor vehicles; parts and accessories, of heading no. 8701 to 8705",2023,1843359272.59
2026-09-01T14:45:35Z,South Africa,710,Re-import,World,8708,"Motor vehicles; parts and accessories, of heading no. 8701 to 8705",2023,1382025.612
2026-09-01T14:45:35Z,South Africa,710,Re-export,World,8708,"Motor vehicles; parts and accessories, of heading no. 8701 to 8705",2023,1563823.26
2026-09-01T14:45:35Z,South Africa,710,Export,World,8708,"Motor vehicles; parts and accessories, of heading no. 8701 to 8705",2023,704952932.497
2026-09-01T14:45:35Z,South Africa,710,Domestic Export,World,8708,"Motor vehicles; parts and accessories, of heading no. 8701 to 8705",2023,53584689.155
2026-09-01T14:45:35Z,South Africa,710,Import,World,8708,"Motor vehicles; parts and accessories, of heading no. 8701 to 8705",2023,155657998.162
2026-09-01T14:45:35Z,South Africa,710,Re-import,World,8708,"Motor vehicles; parts and accessories, of heading no. 8701 to 8705",2023,198577.155
2026-09-01T14:45:35Z,South Africa,710,Re-export,World,8708,"Motor vehicles; parts and accessories, of heading no. 8701 to 8705",2023,239744.198
2026-09-01T14:45:35Z,South Africa,710,Export,World,8708,"Motor vehicles; parts and accessories, of heading no. 8701 to 8705",2023,53824433.354
2026-09-01T14:45:35Z,South Africa,710,Domestic Export,World,8708,"Motor vehicles; parts and accessories, of heading no. 8701 to 8705",2023,396268573.052
2026-09-01T14:45:35Z,South Africa,710,Import,World,8708,"Motor vehicles; parts and accessories, of heading no. 8701 to 8705",2023,1673105599.139
2026-09-01T14:45:35Z,South Africa,710,Re-import,World,8708,"Motor vehicles; parts and accessories, of heading no. 8701 to 8705",2023,880441.464
2026-09-01T14:45:35Z,South Africa,710,Re-export,World,8708,"Motor vehicles; parts and accessories, of heading no. 8701 to 8705",2023,1291526.647
2026-09-01T14:45:35Z,South Africa,710,Export,World,8708,"Motor vehicles; parts and accessories, of heading no. 8701 to 8705",2023,397560099.699
2026-09-01T14:45:35Z,South Africa,710,Domestic Export,World,8708,"Motor vehicles; parts and accessories, of heading no. 8701 to 8705",2023,253532587.506
2026-09-01T14:45:35Z,South Africa,710,Import,World,8708,"Motor vehicles; parts and accessories, of heading no. 8701 to 8705",2023,13959599.913
2026-09-01T14:45:35Z,South Africa,710,Re-import,World,8708,"Motor vehicles; parts and accessories, of heading no. 8701 to 8705",2023,302372.855
2026-09-01T14:45:35Z,South Africa,710,Re-export,World,8708,"Motor vehicles; parts and accessories, of heading no. 8701 to 8705",2023,32552.415
2026-09-01T14:45:35Z,South Africa,710,Export,World,8708,"Motor vehicles; parts and accessories, of heading no. 8701 to 8705",2023,253565139.92
2026-09-01T14:45:35Z,South Africa,710,Import,World,8708,"Motor vehicles; parts and accessories, of heading no. 8701 to 8705",2023,635487.362
2026-09-01T14:45:35Z,South Africa,710,Re-import,World,8708,"Motor vehicles; parts and accessories, of heading no. 8701 to 8705",2023,634.138
2026-09-01T14:45:35Z,South Africa,710,Import,World,8708,"Motor vehicles; parts and accessories, of heading no. 8701 to 8705",2023,588.014
2026-09-01T14:45:35Z,South Africa,710,Domestic Export,World,8708,"Motor vehicles; parts and accessories, of heading no. 8701 to 8705",2023,3259.523
2026-09-01T14:45:35Z,South Africa,710,Export,World,8708,"Motor vehicles; parts and accessories, of heading no. 8701 to 8705",2023,3259.523
2026-09-01T14:45:35Z,South Africa,710,Import,World,8708,"Motor vehicles; parts and accessories, of heading no. 8701 to 8705",2023,1278224014.777
2026-09-01T14:45:35Z,South Africa,710,Re-import,World,8708,"Motor vehicles; parts and accessories, of heading no. 8701 to 8705",2023,1348410.772
2026-09-01T14:45:35Z,South Africa,710,Import,World,8708,"Motor vehicles; parts and accessories, of heading no. 8701 to 8705",2023,131759309.678
2026-09-01T14:45:35Z,South Africa,710,Re-import,World,8708,"Motor vehicles; parts and accessories, of heading no. 8701 to 8705",2023,189227.523
2026-09-01T14:45:35Z,South Africa,710,Import,World,8708,"Motor vehicles; parts and accessories, of heading no. 8701 to 8705",2023,1131869029.81
2026-09-01T14:45:35Z,South Africa,710,Re-import,World,8708,"Motor vehicles; parts and accessories, of heading no. 8701 to 8705",2023,856176.257
2026-09-01T14:45:35Z,South Africa,710,Domestic Export,World,8708,"Motor vehicles; parts and accessories, of heading no. 8701 to 8705",2023,703378716.853
2026-09-01T14:45:35Z,South Africa,710,Export,World,8708,"Motor vehicles; parts and accessories, of heading no. 8701 to 8705",2023,704942540.114
2026-09-01T14:45:35Z,South Africa,710,Domestic Export,World,8708,"Motor vehicles; parts and accessories, of heading no. 8701 to 8705",2023,396258180.669
2026-09-01T14:45:35Z,South Africa,710,Export,World,8708,"Motor vehicles; parts and accessories, of heading no. 8701 to 8705",2023,397549707.316
2026-09-01T14:45:35Z,South Africa,710,Import,World,8708,"Motor vehicles; parts and accessories, of heading no. 8701 to 8705",2023,93727428.836
2026-09-01T14:45:35Z,South Africa,710,Re-import,World,8708,"Motor vehicles; parts and accessories, of heading no. 8701 to 8705",2023,33614.84
2026-09-01T14:45:35Z,South Africa,710,Import,World,8708,"Motor vehicles; parts and accessories, of heading no. 8701 to 8705",2023,7183002.064
2026-09-01T14:45:35Z,South Africa,710,Re-import,World,8708,"Motor vehicles; parts and accessories, of heading no. 8701 to 8705",2023,9349.632
2026-09-01T14:45:35Z,South Africa,710,Import,World,8708,"Motor vehicles; parts and accessories, of heading no. 8701 to 8705",2023,86544426.772
2026-09-01T14:45:35Z,South Africa,710,Re-import,World,8708,"Motor vehicles; parts and accessories, of heading no. 8701 to 8705",2023,24265.207
2026-09-01T14:45:35Z,South Africa,710,Import,World,8708,"Motor vehicles; parts and accessories, of heading no. 8701 to 8705",2023,471407828.977
2026-09-01T14:45:35Z,South Africa,710,Import,World,8708,"Motor vehicles; parts and accessories, of heading no. 8701 to 8705",2023,16715686.419
2026-09-01T14:45:35Z,South Africa,710,Import,World,8708,"Motor vehicles; parts and accessories, of heading no. 8701 to 8705",2023,454692142.558
2026-09-01T14:45:35Z,South Africa,710,Domestic Export,World,8708,"Motor vehicles; parts and accessories, of heading no. 8701 to 8705",2023,10392.383
2026-09-01T14:45:35Z,South Africa,710,Export,World,8708,"Motor vehicles; parts and accessories, of heading no. 8701 to 8705",2023,10392.383
2026-09-01T14:45:35Z,Lesotho,426,Domestic Export,World,8708,"Motor vehicles; parts and accessories, of heading no. 8701 to 8705",2024,168740.166
2026-09-01T14:45:35Z,Lesotho,426,Foreign Import,World,8708,"Motor vehicles; parts and accessories, of heading no. 8701 to 8705",2024,13654657.0
2026-09-01T14:45:35Z,Lesotho,426,Import,World,8708,"Motor vehicles; parts and accessories, of heading no. 8701 to 8705",2024,13654657.0
2026-09-01T14:45:35Z,Lesotho,426,Re-export,World,8708,"Motor vehicles; parts and accessories, of heading no. 8701 to 8705",2024,95281.047
2026-09-01T14:45:35Z,Lesotho,426,Export,World,8708,"Motor vehicles; parts and accessories, of heading no. 8701 to 8705",2024,264021.213
2026-09-01T14:45:35Z,South Africa,710,Domestic Export,World,8708,"Motor vehicles; parts and accessories, of heading no. 8701 to 8705",2024,690555005.776
2026-09-01T14:45:35Z,South Africa,710,Import,World,8708,"Motor vehicles; parts and accessories, of heading no. 8701 to 8705",2024,1816613839.1
2026-09-01T14:45:35Z,South Africa,710,Re-import,World,8708,"Motor vehicles; parts and accessories, of heading no. 8701 to 8705",2024,3700696.323
2026-09-01T14:45:35Z,South Africa,710,Re-export,World,8708,"Motor vehicles; parts and accessories, of heading no. 8701 to 8705",2024,803443.247
2026-09-01T14:45:35Z,South Africa,710,Export,World,8708,"Motor vehicles; parts and accessories, of heading no. 8701 to 8705",2024,691358449.023
2026-09-01T14:45:35Z,South Africa,710,Domestic Export,World,8708,"Motor vehicles; parts and accessories, of heading no. 8701 to 8705",2024,53513795.761
2026-09-01T14:45:35Z,South Africa,710,Import,World,8708,"Motor vehicles; parts and accessories, of heading no. 8701 to 8705",2024,141526827.207
2026-09-01T14:45:35Z,South Africa,710,Re-import,World,8708,"Motor vehicles; parts and accessories, of heading no. 8701 to 8705",2024,206943.636
2026-09-01T14:45:35Z,South Africa,710,Re-export,World,8708,"Motor vehicles; parts and accessories, of heading no. 8701 to 8705",2024,305172.053
2026-09-01T14:45:35Z,South Africa,710,Export,World,8708,"Motor vehicles; parts and accessories, of heading no. 8701 to 8705",2024,53818967.814
2026-09-01T14:45:35Z,South Africa,710,Domestic Export,World,8708,"Motor vehicles; parts and accessories, of heading no. 8701 to 8705",2024,395016704.169
2026-09-01T14:45:35Z,South Africa,710,Import,World,8708,"Motor vehicles; parts and accessories, of heading no. 8701 to 8705",2024,1663532574.625
2026-09-01T14:45:35Z,South Africa,710,Re-import,World,8708,"Motor vehicles; parts and accessories, of heading no. 8701 to 8705",2024,3136910.347
2026-09-01T14:45:35Z,South Africa,710,Re-export,World,8708,"Motor vehicles; parts and accessories, of heading no. 8701 to 8705",2024,370571.278
2026-09-01T14:45:35Z,South Africa,710,Export,World,8708,"Motor vehicles; parts and accessories, of heading no. 8701 to 8705",2024,395387275.448
2026-09-01T14:45:35Z,South Africa,710,Domestic Export,World,8708,"Motor vehicles; parts and accessories, of heading no. 8701 to 8705",2024,242018514.354
2026-09-01T14:45:35Z,South Africa,710,Import,World,8708,"Motor vehicles; parts and accessories, of heading no. 8701 to 8705",2024,11534082.477
2026-09-01T14:45:35Z,South Africa,710,Re-import,World,8708,"Motor vehicles; parts and accessories, of heading no. 8701 to 8705",2024,356842.34
2026-09-01T14:45:35Z,South Africa,710,Re-export,World,8708,"Motor vehicles; parts and accessories, of heading no. 8701 to 8705",2024,127699.916
2026-09-01T14:45:35Z,South Africa,710,Export,World,8708,"Motor vehicles; parts and accessories, of heading no. 8701 to 8705",2024,242146214.27
2026-09-01T14:45:35Z,South Africa,710,Import,World,8708,"Motor vehicles; parts and accessories, of heading no. 8701 to 8705",2024,20354.792
2026-09-01T14:45:35Z,South Africa,710,Domestic Export,World,8708,"Motor vehicles; parts and accessories, of heading no. 8701 to 8705",2024,5991.492
2026-09-01T14:45:35Z,South Africa,710,Export,World,8708,"Motor vehicles; parts and accessories, of heading no. 8701 to 8705",2024,5991.492
2026-09-01T14:45:35Z,South Africa,710,Import,World,8708,"Motor vehicles; parts and accessories, of heading no. 8701 to 8705",2024,1269030485.236
2026-09-01T14:45:35Z,South Africa,710,Re-import,World,8708,"Motor vehicles; parts and accessories, of heading no. 8701 to 8705",2024,3543542.532
2026-09-01T14:45:35Z,South Africa,710,Import,World,8708,"Motor vehicles; parts and accessories, of heading no. 8701 to 8705",2024,119921808.54
2026-09-01T14:45:35Z,South Africa,710,Re-import,World,8708,"Motor vehicles; parts and accessories, of heading no. 8701 to 8705",2024,197120.385
2026-09-01T14:45:35Z,South Africa,710,Import,World,8708,"Motor vehicles; parts and accessories, of heading no. 8701 to 8705",2024,1137596080.681
2026-09-01T14:45:35Z,South Africa,710,Re-import,World,8708,"Motor vehicles; parts and accessories, of heading no. 8701 to 8705",2024,2989579.806
2026-09-01T14:45:35Z,South Africa,710,Import,World,8708,"Motor vehicles; parts and accessories, of heading no. 8701 to 8705",2024,11492241.224
2026-09-01T14:45:35Z,South Africa,710,Domestic Export,World,8708,"Motor vehicles; parts and accessories, of heading no. 8701 to 8705",2024,690545221.099
2026-09-01T14:45:35Z,South Africa,710,Export,World,8708,"Motor vehicles; parts and accessories, of heading no. 8701 to 8705",2024,691348664.346
2026-09-01T14:45:35Z,South Africa,710,Domestic Export,World,8708,"Motor vehicles; parts and accessories, of heading no. 8701 to 8705",2024,395006919.492
2026-09-01T14:45:35Z,South Africa,710,Export,World,8708,"Motor vehicles; parts and accessories, of heading no. 8701 to 8705",2024,395377490.77
2026-09-01T14:45:35Z,South Africa,710,Import,World,8708,"Motor vehicles; parts and accessories, of heading no. 8701 to 8705",2024,104770695.606
2026-09-01T14:45:35Z,South Africa,710,Re-import,World,8708,"Motor vehicles; parts and accessories, of heading no. 8701 to 8705",2024,148540.231
2026-09-01T14:45:35Z,South Africa,710,Import,World,8708,"Motor vehicles; parts and accessories, of heading no. 8701 to 8705",2024,8954191.163
2026-09-01T14:45:35Z,South Africa,710,Re-import,World,8708,"Motor vehicles; parts and accessories, of heading no. 8701 to 8705",2024,5099.119
2026-09-01T14:45:35Z,South Africa,710,Import,World,8708,"Motor vehicles; parts and accessories, of heading no. 8701 to 8705",2024,95774663.19
2026-09-01T14:45:35Z,South Africa,710,Re-import,World,8708,"Motor vehicles; parts and accessories, of heading no. 8701 to 8705",2024,143441.112
2026-09-01T14:45:35Z,South Africa,710,Import,World,8708,"Motor vehicles; parts and accessories, of heading no. 8701 to 8705",2024,41841.253
2026-09-01T14:45:35Z,South Africa,710,Import,World,8708,"Motor vehicles; parts and accessories, of heading no. 8701 to 8705",2024,442812658.258
2026-09-01T14:45:35Z,South Africa,710,Re-import,World,8708,"Motor vehicles; parts and accessories, of heading no. 8701 to 8705",2024,8613.561
2026-09-01T14:45:35Z,South Africa,710,Import,World,8708,"Motor vehicles; parts and accessories, of heading no. 8701 to 8705",2024,12650827.505
2026-09-01T14:45:35Z,South Africa,710,Re-import,World,8708,"Motor vehicles; parts and accessories, of heading no. 8701 to 8705",2024,4724.132
2026-09-01T14:45:35Z,South Africa,710,Import,World,8708,"Motor vehicles; parts and accessories, of heading no. 8701 to 8705",2024,430161830.754
2026-09-01T14:45:35Z,South Africa,710,Re-import,World,8708,"Motor vehicles; parts and accessories, of heading no. 8701 to 8705",2024,3889.428
2026-09-01T14:45:35Z,South Africa,710,Domestic Export,World,8708,"Motor vehicles; parts and accessories, of heading no. 8701 to 8705",2024,9784.677
2026-09-01T14:45:35Z,South Africa,710,Export,World,8708,"Motor vehicles; parts and accessories, of heading no. 8701 to 8705",2024,9784.677
2026-09-01T14:45:35Z,South Africa,710,Domestic Export,World,8708,"Motor vehicles; parts and accessories, of heading no. 8701 to 8705",2025,660502355.939
2026-09-01T14:45:35Z,South Africa,710,Import,World,8708,"Motor vehicles; parts and accessories, of heading no. 8701 to 8705",2025,1868857970.55
2026-09-01T14:45:35Z,South Africa,710,Re-import,World,8708,"Motor vehicles; parts and accessories, of heading no. 8701 to 8705",2025,2446443.143
2026-09-01T14:45:35Z,South Africa,710,Re-export,World,8708,"Motor vehicles; parts and accessories, of heading no. 8701 to 8705",2025,2132150.714
2026-09-01T14:45:35Z,South Africa,710,Export,World,8708,"Motor vehicles; parts and accessories, of heading no. 8701 to 8705",2025,662634506.652
2026-09-01T14:45:35Z,South Africa,710,Domestic Export,World,8708,"Motor vehicles; parts and accessories, of heading no. 8701 to 8705",2025,50715061.165
2026-09-01T14:45:35Z,South Africa,710,Import,World,8708,"Motor vehicles; parts and accessories, of heading no. 8701 to 8705",2025,160785901.659
2026-09-01T14:45:35Z,South Africa,710,Re-import,World,8708,"Motor vehicles; parts and accessories, of heading no. 8701 to 8705",2025,330875.404
2026-09-01T14:45:35Z,South Africa,710,Re-export,World,8708,"Motor vehicles; parts and accessories, of heading no. 8701 to 8705",2025,186877.537
2026-09-01T14:45:35Z,South Africa,710,Export,World,8708,"Motor vehicles; parts and accessories, of heading no. 8701 to 8705",2025,50901938.702
2026-09-01T14:45:35Z,South Africa,710,Domestic Export,World,8708,"Motor vehicles; parts and accessories, of heading no. 8701 to 8705",2025,334590891.643
2026-09-01T14:45:35Z,South Africa,710,Import,World,8708,"Motor vehicles; parts and accessories, of heading no. 8701 to 8705",2025,1692456641.931
2026-09-01T14:45:35Z,South Africa,710,Re-import,World,8708,"Motor vehicles; parts and accessories, of heading no. 8701 to 8705",2025,1948773.299
2026-09-01T14:45:35Z,South Africa,710,Re-export,World,8708,"Motor vehicles; parts and accessories, of heading no. 8701 to 8705",2025,1868207.903
2026-09-01T14:45:35Z,South Africa,710,Export,World,8708,"Motor vehicles; parts and accessories, of heading no. 8701 to 8705",2025,336459099.546
2026-09-01T14:45:35Z,South Africa,710,Domestic Export,World,8708,"Motor vehicles; parts and accessories, of heading no. 8701 to 8705",2025,275182084.583
2026-09-01T14:45:35Z,South Africa,710,Import,World,8708,"Motor vehicles; parts and accessories, of heading no. 8701 to 8705",2025,15523638.201
2026-09-01T14:45:35Z,South Africa,710,Re-import,World,8708,"Motor vehicles; parts and accessories, of heading no. 8701 to 8705",2025,165974.651
2026-09-01T14:45:35Z,South Africa,710,Re-export,World,8708,"Motor vehicles; parts and accessories, of heading no. 8701 to 8705",2025,77065.273
2026-09-01T14:45:35Z,South Africa,710,Export,World,8708,"Motor vehicles; parts and accessories, of heading no. 8701 to 8705",2025,275259149.857
2026-09-01T14:45:35Z,South Africa,710,Import,World,8708,"Motor vehicles; parts and accessories, of heading no. 8701 to 8705",2025,91323.039
2026-09-01T14:45:35Z,South Africa,710,Re-import,World,8708,"Motor vehicles; parts and accessories, of heading no. 8701 to 8705",2025,819.788
2026-09-01T14:45:35Z,South Africa,710,Import,World,8708,"Motor vehicles; parts and accessories, of heading no. 8701 to 8705",2025,314.523
2026-09-01T14:45:35Z,South Africa,710,Domestic Export,World,8708,"Motor vehicles; parts and accessories, of heading no. 8701 to 8705",2025,14318.547
2026-09-01T14:45:35Z,South Africa,710,Import,World,8708,"Motor vehicles; parts and accessories, of heading no. 8701 to 8705",2025,151.197
2026-09-01T14:45:35Z,South Africa,710,Export,World,8708,"Motor vehicles; parts and accessories, of heading no. 8701 to 8705",2025,14318.547
2026-09-01T14:45:35Z,South Africa,710,Import,World,8708,"Motor vehicles; parts and accessories, of heading no. 8701 to 8705",2025,1276351841.652
2026-09-01T14:45:35Z,South Africa,710,Re-import,World,8708,"Motor vehicles; parts and accessories, of heading no. 8701 to 8705",2025,2360050.18
2026-09-01T14:45:35Z,South Africa,710,Import,World,8708,"Motor vehicles; parts and accessories, of heading no. 8701 to 8705",2025,133878199.814
2026-09-01T14:45:35Z,South Africa,710,Re-import,World,8708,"Motor vehicles; parts and accessories, of heading no. 8701 to 8705",2025,266942.006
2026-09-01T14:45:35Z,South Africa,710,Import,World,8708,"Motor vehicles; parts and accessories, of heading no. 8701 to 8705",2025,1127317687.96
2026-09-01T14:45:35Z,South Africa,710,Re-import,World,8708,"Motor vehicles; parts and accessories, of heading no. 8701 to 8705",2025,1926313.736
2026-09-01T14:45:35Z,South Africa,710,Import,World,8708,"Motor vehicles; parts and accessories, of heading no. 8701 to 8705",2025,15064165.12
2026-09-01T14:45:35Z,South Africa,710,Domestic Export,World,8708,"Motor vehicles; parts and accessories, of heading no. 8701 to 8705",2025,660491324.027
2026-09-01T14:45:35Z,South Africa,710,Export,World,8708,"Motor vehicles; parts and accessories, of heading no. 8701 to 8705",2025,662623474.74
2026-09-01T14:45:35Z,South Africa,710,Domestic Export,World,8708,"Motor vehicles; parts and accessories, of heading no. 8701 to 8705",2025,334579859.731
2026-09-01T14:45:35Z,South Africa,710,Export,World,8708,"Motor vehicles; parts and accessories, of heading no. 8701 to 8705",2025,336448067.634
2026-09-01T14:45:35Z,South Africa,710,Import,World,8708,"Motor vehicles; parts and accessories, of heading no. 8701 to 8705",2025,118484087.966
2026-09-01T14:45:35Z,South Africa,710,Re-import,World,8708,"Motor vehicles; parts and accessories, of heading no. 8701 to 8705",2025,82912.814
2026-09-01T14:45:35Z,South Africa,710,Import,World,8708,"Motor vehicles; parts and accessories, of heading no. 8701 to 8705",2025,11871956.289
2026-09-01T14:45:35Z,South Africa,710,Re-import,World,8708,"Motor vehicles; parts and accessories, of heading no. 8701 to 8705",2025,60453.251
2026-09-01T14:45:35Z,South Africa,710,Import,World,8708,"Motor vehicles; parts and accessories, of heading no. 8701 to 8705",2025,106554852.375
2026-09-01T14:45:35Z,South Africa,710,Re-import,World,8708,"Motor vehicles; parts and accessories, of heading no. 8701 to 8705",2025,22459.563
2026-09-01T14:45:35Z,South Africa,710,Import,World,8708,"Motor vehicles; parts and accessories, of heading no. 8701 to 8705",2025,57279.302
2026-09-01T14:45:35Z,South Africa,710,Import,World,8708,"Motor vehicles; parts and accessories, of heading no. 8701 to 8705",2025,474022040.932
2026-09-01T14:45:35Z,South Africa,710,Re-import,World,8708,"Motor vehicles; parts and accessories, of heading no. 8701 to 8705",2025,3480.148
2026-09-01T14:45:35Z,South Africa,710,Import,World,8708,"Motor vehicles; parts and accessories, of heading no. 8701 to 8705",2025,15035745.556
2026-09-01T14:45:35Z,South Africa,710,Import,World,8708,"Motor vehicles; parts and accessories, of heading no. 8701 to 8705",2025,458584101.597
2026-09-01T14:45:35Z,South Africa,710,Import,World,8708,"Motor vehicles; parts and accessories, of heading no. 8701 to 8705",2025,402193.779
2026-09-01T14:45:35Z,South Africa,710,Domestic Export,World,8708,"Motor vehicles; parts and accessories, of heading no. 8701 to 8705",2025,11031.912
2026-09-01T14:45:35Z,South Africa,710,Export,World,8708,"Motor vehicles; parts and accessories, of heading no. 8701 to 8705",2025,11031.912
